"","x","y","nome"
"1",1,6,"bolha 1"
"2",1,7,"bolha 2"
"3",1,8,"bolha 3"
"4",1,9,"bolha 4"
"5",1,10,"bolha 5"
"6",1,11,"bolha 6"
"7",1,12,"bolha 7"
"8",1,13,"bolha 8"
"9",1,14,"bolha 9"
"10",1,15,"bolha 10"
"11",1,16,"bolha 11"
"12",1,17,"bolha 12"
"13",1,18,"bolha 13"
"14",1,19,"bolha 14"
"15",1,20,"bolha 15"
"16",1,21,"bolha 16"
"17",1,22,"bolha 17"
"18",1,23,"bolha 18"
"19",1,24,"bolha 19"
"20",1,25,"bolha 20"
"21",1,26,"bolha 21"
"22",1,27,"bolha 22"
"23",1,28,"bolha 23"
"24",1,29,"bolha 24"
"25",1,30,"bolha 25"
"26",1,31,"bolha 26"
"27",1,32,"bolha 27"
"28",1,33,"bolha 28"
"29",1,34,"bolha 29"
"30",1,35,"bolha 30"
"31",1,36,"bolha 31"
"32",1,37,"bolha 32"
"33",1,38,"bolha 33"
"34",1,39,"bolha 34"
"35",1,40,"bolha 35"
"36",1,41,"bolha 36"
"37",1,42,"bolha 37"
"38",1,43,"bolha 38"
"39",1,44,"bolha 39"
"40",1,45,"bolha 40"
"41",1,46,"bolha 41"
"42",1,47,"bolha 42"
"43",1,48,"bolha 43"
"44",1,49,"bolha 44"
"45",1,50,"bolha 45"
"46",1,51,"bolha 46"
"47",2,6,"bolha 47"
"48",2,7,"bolha 48"
"49",2,50,"bolha 49"
"50",2,51,"bolha 50"
"51",2,52,"bolha 51"
"52",3,6,"bolha 52"
"53",3,51,"bolha 53"
"54",3,52,"bolha 54"
"55",3,53,"bolha 55"
"56",4,6,"bolha 56"
"57",4,51,"bolha 57"
"58",4,52,"bolha 58"
"59",4,53,"bolha 59"
"60",5,6,"bolha 60"
"61",5,11,"bolha 61"
"62",5,12,"bolha 62"
"63",5,13,"bolha 63"
"64",5,25,"bolha 64"
"65",5,26,"bolha 65"
"66",5,27,"bolha 66"
"67",5,28,"bolha 67"
"68",5,29,"bolha 68"
"69",5,30,"bolha 69"
"70",5,31,"bolha 70"
"71",5,41,"bolha 71"
"72",5,42,"bolha 72"
"73",5,43,"bolha 73"
"74",5,44,"bolha 74"
"75",5,45,"bolha 75"
"76",5,46,"bolha 76"
"77",5,51,"bolha 77"
"78",5,53,"bolha 78"
"79",6,6,"bolha 79"
"80",6,10,"bolha 80"
"81",6,11,"bolha 81"
"82",6,12,"bolha 82"
"83",6,13,"bolha 83"
"84",6,14,"bolha 84"
"85",6,25,"bolha 85"
"86",6,26,"bolha 86"
"87",6,27,"bolha 87"
"88",6,28,"bolha 88"
"89",6,29,"bolha 89"
"90",6,30,"bolha 90"
"91",6,31,"bolha 91"
"92",6,41,"bolha 92"
"93",6,42,"bolha 93"
"94",6,43,"bolha 94"
"95",6,44,"bolha 95"
"96",6,45,"bolha 96"
"97",6,46,"bolha 97"
"98",6,47,"bolha 98"
"99",6,51,"bolha 99"
"100",6,52,"bolha 100"
"101",6,53,"bolha 101"
"102",7,6,"bolha 102"
"103",7,9,"bolha 103"
"104",7,10,"bolha 104"
"105",7,14,"bolha 105"
"106",7,15,"bolha 106"
"107",7,25,"bolha 107"
"108",7,29,"bolha 108"
"109",7,47,"bolha 109"
"110",7,51,"bolha 110"
"111",7,52,"bolha 111"
"112",7,53,"bolha 112"
"113",8,6,"bolha 113"
"114",8,9,"bolha 114"
"115",8,15,"bolha 115"
"116",8,25,"bolha 116"
"117",8,29,"bolha 117"
"118",8,30,"bolha 118"
"119",8,47,"bolha 119"
"120",8,51,"bolha 120"
"121",8,52,"bolha 121"
"122",8,53,"bolha 122"
"123",9,6,"bolha 123"
"124",9,9,"bolha 124"
"125",9,15,"bolha 125"
"126",9,25,"bolha 126"
"127",9,28,"bolha 127"
"128",9,29,"bolha 128"
"129",9,30,"bolha 129"
"130",9,31,"bolha 130"
"131",9,47,"bolha 131"
"132",9,51,"bolha 132"
"133",9,53,"bolha 133"
"134",10,6,"bolha 134"
"135",10,9,"bolha 135"
"136",10,10,"bolha 136"
"137",10,14,"bolha 137"
"138",10,15,"bolha 138"
"139",10,25,"bolha 139"
"140",10,26,"bolha 140"
"141",10,27,"bolha 141"
"142",10,28,"bolha 142"
"143",10,30,"bolha 143"
"144",10,31,"bolha 144"
"145",10,41,"bolha 145"
"146",10,42,"bolha 146"
"147",10,43,"bolha 147"
"148",10,44,"bolha 148"
"149",10,45,"bolha 149"
"150",10,46,"bolha 150"
"151",10,51,"bolha 151"
"152",10,52,"bolha 152"
"153",10,53,"bolha 153"
"154",11,6,"bolha 154"
"155",11,10,"bolha 155"
"156",11,14,"bolha 156"
"157",11,26,"bolha 157"
"158",11,27,"bolha 158"
"159",11,28,"bolha 159"
"160",11,31,"bolha 160"
"161",11,41,"bolha 161"
"162",11,42,"bolha 162"
"163",11,43,"bolha 163"
"164",11,44,"bolha 164"
"165",11,45,"bolha 165"
"166",11,46,"bolha 166"
"167",11,51,"bolha 167"
"168",11,52,"bolha 168"
"169",11,53,"bolha 169"
"170",12,6,"bolha 170"
"171",12,51,"bolha 171"
"172",12,52,"bolha 172"
"173",12,53,"bolha 173"
"174",13,6,"bolha 174"
"175",13,11,"bolha 175"
"176",13,12,"bolha 176"
"177",13,13,"bolha 177"
"178",13,14,"bolha 178"
"179",13,15,"bolha 179"
"180",13,41,"bolha 180"
"181",13,42,"bolha 181"
"182",13,43,"bolha 182"
"183",13,44,"bolha 183"
"184",13,45,"bolha 184"
"185",13,46,"bolha 185"
"186",13,47,"bolha 186"
"187",13,51,"bolha 187"
"188",13,52,"bolha 188"
"189",13,53,"bolha 189"
"190",14,6,"bolha 190"
"191",14,10,"bolha 191"
"192",14,11,"bolha 192"
"193",14,12,"bolha 193"
"194",14,13,"bolha 194"
"195",14,14,"bolha 195"
"196",14,15,"bolha 196"
"197",14,25,"bolha 197"
"198",14,26,"bolha 198"
"199",14,27,"bolha 199"
"200",14,28,"bolha 200"
"201",14,29,"bolha 201"
"202",14,30,"bolha 202"
"203",14,31,"bolha 203"
"204",14,41,"bolha 204"
"205",14,42,"bolha 205"
"206",14,43,"bolha 206"
"207",14,44,"bolha 207"
"208",14,45,"bolha 208"
"209",14,46,"bolha 209"
"210",14,47,"bolha 210"
"211",14,51,"bolha 211"
"212",14,53,"bolha 212"
"213",15,6,"bolha 213"
"214",15,9,"bolha 214"
"215",15,10,"bolha 215"
"216",15,13,"bolha 216"
"217",15,25,"bolha 217"
"218",15,26,"bolha 218"
"219",15,27,"bolha 219"
"220",15,28,"bolha 220"
"221",15,29,"bolha 221"
"222",15,30,"bolha 222"
"223",15,31,"bolha 223"
"224",15,42,"bolha 224"
"225",15,43,"bolha 225"
"226",15,44,"bolha 226"
"227",15,51,"bolha 227"
"228",15,52,"bolha 228"
"229",15,53,"bolha 229"
"230",16,6,"bolha 230"
"231",16,9,"bolha 231"
"232",16,13,"bolha 232"
"233",16,25,"bolha 233"
"234",16,28,"bolha 234"
"235",16,31,"bolha 235"
"236",16,43,"bolha 236"
"237",16,44,"bolha 237"
"238",16,45,"bolha 238"
"239",16,51,"bolha 239"
"240",16,52,"bolha 240"
"241",16,53,"bolha 241"
"242",17,6,"bolha 242"
"243",17,9,"bolha 243"
"244",17,10,"bolha 244"
"245",17,13,"bolha 245"
"246",17,25,"bolha 246"
"247",17,28,"bolha 247"
"248",17,31,"bolha 248"
"249",17,42,"bolha 249"
"250",17,43,"bolha 250"
"251",17,44,"bolha 251"
"252",17,51,"bolha 252"
"253",17,52,"bolha 253"
"254",17,53,"bolha 254"
"255",18,6,"bolha 255"
"256",18,10,"bolha 256"
"257",18,11,"bolha 257"
"258",18,12,"bolha 258"
"259",18,13,"bolha 259"
"260",18,14,"bolha 260"
"261",18,15,"bolha 261"
"262",18,25,"bolha 262"
"263",18,28,"bolha 263"
"264",18,31,"bolha 264"
"265",18,41,"bolha 265"
"266",18,42,"bolha 266"
"267",18,43,"bolha 267"
"268",18,44,"bolha 268"
"269",18,45,"bolha 269"
"270",18,46,"bolha 270"
"271",18,47,"bolha 271"
"272",18,51,"bolha 272"
"273",18,52,"bolha 273"
"274",18,53,"bolha 274"
"275",19,6,"bolha 275"
"276",19,11,"bolha 276"
"277",19,12,"bolha 277"
"278",19,13,"bolha 278"
"279",19,14,"bolha 279"
"280",19,15,"bolha 280"
"281",19,25,"bolha 281"
"282",19,31,"bolha 282"
"283",19,41,"bolha 283"
"284",19,42,"bolha 284"
"285",19,43,"bolha 285"
"286",19,44,"bolha 286"
"287",19,45,"bolha 287"
"288",19,46,"bolha 288"
"289",19,47,"bolha 289"
"290",19,51,"bolha 290"
"291",19,53,"bolha 291"
"292",20,6,"bolha 292"
"293",20,51,"bolha 293"
"294",20,52,"bolha 294"
"295",20,53,"bolha 295"
"296",21,6,"bolha 296"
"297",21,9,"bolha 297"
"298",21,10,"bolha 298"
"299",21,11,"bolha 299"
"300",21,12,"bolha 300"
"301",21,13,"bolha 301"
"302",21,14,"bolha 302"
"303",21,15,"bolha 303"
"304",21,25,"bolha 304"
"305",21,26,"bolha 305"
"306",21,27,"bolha 306"
"307",21,28,"bolha 307"
"308",21,29,"bolha 308"
"309",21,30,"bolha 309"
"310",21,31,"bolha 310"
"311",21,43,"bolha 311"
"312",21,44,"bolha 312"
"313",21,45,"bolha 313"
"314",21,46,"bolha 314"
"315",21,47,"bolha 315"
"316",21,51,"bolha 316"
"317",21,52,"bolha 317"
"318",21,53,"bolha 318"
"319",22,6,"bolha 319"
"320",22,9,"bolha 320"
"321",22,10,"bolha 321"
"322",22,11,"bolha 322"
"323",22,12,"bolha 323"
"324",22,13,"bolha 324"
"325",22,14,"bolha 325"
"326",22,15,"bolha 326"
"327",22,25,"bolha 327"
"328",22,26,"bolha 328"
"329",22,27,"bolha 329"
"330",22,28,"bolha 330"
"331",22,29,"bolha 331"
"332",22,30,"bolha 332"
"333",22,31,"bolha 333"
"334",22,42,"bolha 334"
"335",22,43,"bolha 335"
"336",22,44,"bolha 336"
"337",22,45,"bolha 337"
"338",22,46,"bolha 338"
"339",22,47,"bolha 339"
"340",22,51,"bolha 340"
"341",22,52,"bolha 341"
"342",22,53,"bolha 342"
"343",23,6,"bolha 343"
"344",23,9,"bolha 344"
"345",23,15,"bolha 345"
"346",23,25,"bolha 346"
"347",23,29,"bolha 347"
"348",23,41,"bolha 348"
"349",23,42,"bolha 349"
"350",23,45,"bolha 350"
"351",23,51,"bolha 351"
"352",23,52,"bolha 352"
"353",23,53,"bolha 353"
"354",24,6,"bolha 354"
"355",24,9,"bolha 355"
"356",24,15,"bolha 356"
"357",24,25,"bolha 357"
"358",24,29,"bolha 358"
"359",24,41,"bolha 359"
"360",24,45,"bolha 360"
"361",24,51,"bolha 361"
"362",24,53,"bolha 362"
"363",25,6,"bolha 363"
"364",25,9,"bolha 364"
"365",25,10,"bolha 365"
"366",25,14,"bolha 366"
"367",25,15,"bolha 367"
"368",25,25,"bolha 368"
"369",25,29,"bolha 369"
"370",25,41,"bolha 370"
"371",25,42,"bolha 371"
"372",25,45,"bolha 372"
"373",25,51,"bolha 373"
"374",25,52,"bolha 374"
"375",25,53,"bolha 375"
"376",26,6,"bolha 376"
"377",26,10,"bolha 377"
"378",26,11,"bolha 378"
"379",26,12,"bolha 379"
"380",26,13,"bolha 380"
"381",26,14,"bolha 381"
"382",26,25,"bolha 382"
"383",26,26,"bolha 383"
"384",26,27,"bolha 384"
"385",26,28,"bolha 385"
"386",26,29,"bolha 386"
"387",26,42,"bolha 387"
"388",26,43,"bolha 388"
"389",26,44,"bolha 389"
"390",26,45,"bolha 390"
"391",26,46,"bolha 391"
"392",26,47,"bolha 392"
"393",26,51,"bolha 393"
"394",26,52,"bolha 394"
"395",26,53,"bolha 395"
"396",27,6,"bolha 396"
"397",27,11,"bolha 397"
"398",27,12,"bolha 398"
"399",27,13,"bolha 399"
"400",27,26,"bolha 400"
"401",27,27,"bolha 401"
"402",27,28,"bolha 402"
"403",27,43,"bolha 403"
"404",27,44,"bolha 404"
"405",27,45,"bolha 405"
"406",27,46,"bolha 406"
"407",27,47,"bolha 407"
"408",27,51,"bolha 408"
"409",27,52,"bolha 409"
"410",27,53,"bolha 410"
"411",28,6,"bolha 411"
"412",28,51,"bolha 412"
"413",28,52,"bolha 413"
"414",28,53,"bolha 414"
"415",29,6,"bolha 415"
"416",29,11,"bolha 416"
"417",29,12,"bolha 417"
"418",29,13,"bolha 418"
"419",29,14,"bolha 419"
"420",29,15,"bolha 420"
"421",29,25,"bolha 421"
"422",29,26,"bolha 422"
"423",29,27,"bolha 423"
"424",29,28,"bolha 424"
"425",29,29,"bolha 425"
"426",29,30,"bolha 426"
"427",29,31,"bolha 427"
"428",29,51,"bolha 428"
"429",29,53,"bolha 429"
"430",30,6,"bolha 430"
"431",30,10,"bolha 431"
"432",30,11,"bolha 432"
"433",30,12,"bolha 433"
"434",30,13,"bolha 434"
"435",30,14,"bolha 435"
"436",30,15,"bolha 436"
"437",30,25,"bolha 437"
"438",30,26,"bolha 438"
"439",30,27,"bolha 439"
"440",30,28,"bolha 440"
"441",30,29,"bolha 441"
"442",30,30,"bolha 442"
"443",30,31,"bolha 443"
"444",30,51,"bolha 444"
"445",30,52,"bolha 445"
"446",30,53,"bolha 446"
"447",31,6,"bolha 447"
"448",31,9,"bolha 448"
"449",31,10,"bolha 449"
"450",31,13,"bolha 450"
"451",31,25,"bolha 451"
"452",31,29,"bolha 452"
"453",31,51,"bolha 453"
"454",31,52,"bolha 454"
"455",31,53,"bolha 455"
"456",32,6,"bolha 456"
"457",32,9,"bolha 457"
"458",32,13,"bolha 458"
"459",32,25,"bolha 459"
"460",32,29,"bolha 460"
"461",32,30,"bolha 461"
"462",32,51,"bolha 462"
"463",32,52,"bolha 463"
"464",32,53,"bolha 464"
"465",33,6,"bolha 465"
"466",33,9,"bolha 466"
"467",33,10,"bolha 467"
"468",33,13,"bolha 468"
"469",33,25,"bolha 469"
"470",33,28,"bolha 470"
"471",33,29,"bolha 471"
"472",33,30,"bolha 472"
"473",33,31,"bolha 473"
"474",33,51,"bolha 474"
"475",33,52,"bolha 475"
"476",33,53,"bolha 476"
"477",34,6,"bolha 477"
"478",34,10,"bolha 478"
"479",34,11,"bolha 479"
"480",34,12,"bolha 480"
"481",34,13,"bolha 481"
"482",34,14,"bolha 482"
"483",34,15,"bolha 483"
"484",34,25,"bolha 484"
"485",34,26,"bolha 485"
"486",34,27,"bolha 486"
"487",34,28,"bolha 487"
"488",34,30,"bolha 488"
"489",34,31,"bolha 489"
"490",34,51,"bolha 490"
"491",34,53,"bolha 491"
"492",35,6,"bolha 492"
"493",35,11,"bolha 493"
"494",35,12,"bolha 494"
"495",35,13,"bolha 495"
"496",35,14,"bolha 496"
"497",35,15,"bolha 497"
"498",35,26,"bolha 498"
"499",35,27,"bolha 499"
"500",35,28,"bolha 500"
"501",35,31,"bolha 501"
"502",35,51,"bolha 502"
"503",35,52,"bolha 503"
"504",35,53,"bolha 504"
"505",36,6,"bolha 505"
"506",36,51,"bolha 506"
"507",36,52,"bolha 507"
"508",36,53,"bolha 508"
"509",37,6,"bolha 509"
"510",37,41,"bolha 510"
"511",37,42,"bolha 511"
"512",37,43,"bolha 512"
"513",37,44,"bolha 513"
"514",37,45,"bolha 514"
"515",37,46,"bolha 515"
"516",37,47,"bolha 516"
"517",37,51,"bolha 517"
"518",37,52,"bolha 518"
"519",37,53,"bolha 519"
"520",38,6,"bolha 520"
"521",38,25,"bolha 521"
"522",38,26,"bolha 522"
"523",38,27,"bolha 523"
"524",38,28,"bolha 524"
"525",38,29,"bolha 525"
"526",38,30,"bolha 526"
"527",38,31,"bolha 527"
"528",38,41,"bolha 528"
"529",38,42,"bolha 529"
"530",38,43,"bolha 530"
"531",38,44,"bolha 531"
"532",38,45,"bolha 532"
"533",38,46,"bolha 533"
"534",38,47,"bolha 534"
"535",38,51,"bolha 535"
"536",38,52,"bolha 536"
"537",38,53,"bolha 537"
"538",39,6,"bolha 538"
"539",39,25,"bolha 539"
"540",39,26,"bolha 540"
"541",39,27,"bolha 541"
"542",39,28,"bolha 542"
"543",39,29,"bolha 543"
"544",39,30,"bolha 544"
"545",39,31,"bolha 545"
"546",39,44,"bolha 546"
"547",39,51,"bolha 547"
"548",39,53,"bolha 548"
"549",40,6,"bolha 549"
"550",40,25,"bolha 550"
"551",40,28,"bolha 551"
"552",40,31,"bolha 552"
"553",40,44,"bolha 553"
"554",40,51,"bolha 554"
"555",40,52,"bolha 555"
"556",40,53,"bolha 556"
"557",41,6,"bolha 557"
"558",41,25,"bolha 558"
"559",41,28,"bolha 559"
"560",41,31,"bolha 560"
"561",41,44,"bolha 561"
"562",41,51,"bolha 562"
"563",41,52,"bolha 563"
"564",41,53,"bolha 564"
"565",42,6,"bolha 565"
"566",42,25,"bolha 566"
"567",42,28,"bolha 567"
"568",42,31,"bolha 568"
"569",42,41,"bolha 569"
"570",42,42,"bolha 570"
"571",42,43,"bolha 571"
"572",42,44,"bolha 572"
"573",42,45,"bolha 573"
"574",42,46,"bolha 574"
"575",42,47,"bolha 575"
"576",42,51,"bolha 576"
"577",42,52,"bolha 577"
"578",42,53,"bolha 578"
"579",43,6,"bolha 579"
"580",43,25,"bolha 580"
"581",43,31,"bolha 581"
"582",43,41,"bolha 582"
"583",43,42,"bolha 583"
"584",43,43,"bolha 584"
"585",43,44,"bolha 585"
"586",43,45,"bolha 586"
"587",43,46,"bolha 587"
"588",43,47,"bolha 588"
"589",43,51,"bolha 589"
"590",43,52,"bolha 590"
"591",43,53,"bolha 591"
"592",44,6,"bolha 592"
"593",44,51,"bolha 593"
"594",44,53,"bolha 594"
"595",45,6,"bolha 595"
"596",45,9,"bolha 596"
"597",45,10,"bolha 597"
"598",45,11,"bolha 598"
"599",45,12,"bolha 599"
"600",45,13,"bolha 600"
"601",45,14,"bolha 601"
"602",45,15,"bolha 602"
"603",45,26,"bolha 603"
"604",45,27,"bolha 604"
"605",45,30,"bolha 605"
"606",45,42,"bolha 606"
"607",45,43,"bolha 607"
"608",45,44,"bolha 608"
"609",45,45,"bolha 609"
"610",45,46,"bolha 610"
"611",45,51,"bolha 611"
"612",45,52,"bolha 612"
"613",45,53,"bolha 613"
"614",46,6,"bolha 614"
"615",46,9,"bolha 615"
"616",46,10,"bolha 616"
"617",46,11,"bolha 617"
"618",46,12,"bolha 618"
"619",46,13,"bolha 619"
"620",46,14,"bolha 620"
"621",46,15,"bolha 621"
"622",46,25,"bolha 622"
"623",46,26,"bolha 623"
"624",46,27,"bolha 624"
"625",46,28,"bolha 625"
"626",46,30,"bolha 626"
"627",46,31,"bolha 627"
"628",46,41,"bolha 628"
"629",46,42,"bolha 629"
"630",46,43,"bolha 630"
"631",46,44,"bolha 631"
"632",46,45,"bolha 632"
"633",46,46,"bolha 633"
"634",46,47,"bolha 634"
"635",46,51,"bolha 635"
"636",46,52,"bolha 636"
"637",46,53,"bolha 637"
"638",47,6,"bolha 638"
"639",47,9,"bolha 639"
"640",47,13,"bolha 640"
"641",47,25,"bolha 641"
"642",47,28,"bolha 642"
"643",47,31,"bolha 643"
"644",47,41,"bolha 644"
"645",47,47,"bolha 645"
"646",47,51,"bolha 646"
"647",47,52,"bolha 647"
"648",47,53,"bolha 648"
"649",48,6,"bolha 649"
"650",48,9,"bolha 650"
"651",48,13,"bolha 651"
"652",48,25,"bolha 652"
"653",48,28,"bolha 653"
"654",48,31,"bolha 654"
"655",48,41,"bolha 655"
"656",48,47,"bolha 656"
"657",48,51,"bolha 657"
"658",48,52,"bolha 658"
"659",48,53,"bolha 659"
"660",49,6,"bolha 660"
"661",49,9,"bolha 661"
"662",49,13,"bolha 662"
"663",49,25,"bolha 663"
"664",49,26,"bolha 664"
"665",49,28,"bolha 665"
"666",49,31,"bolha 666"
"667",49,41,"bolha 667"
"668",49,47,"bolha 668"
"669",49,51,"bolha 669"
"670",49,53,"bolha 670"
"671",50,6,"bolha 671"
"672",50,9,"bolha 672"
"673",50,10,"bolha 673"
"674",50,11,"bolha 674"
"675",50,12,"bolha 675"
"676",50,13,"bolha 676"
"677",50,26,"bolha 677"
"678",50,28,"bolha 678"
"679",50,29,"bolha 679"
"680",50,30,"bolha 680"
"681",50,31,"bolha 681"
"682",50,41,"bolha 682"
"683",50,42,"bolha 683"
"684",50,43,"bolha 684"
"685",50,44,"bolha 685"
"686",50,45,"bolha 686"
"687",50,46,"bolha 687"
"688",50,47,"bolha 688"
"689",50,51,"bolha 689"
"690",50,52,"bolha 690"
"691",50,53,"bolha 691"
"692",51,6,"bolha 692"
"693",51,10,"bolha 693"
"694",51,11,"bolha 694"
"695",51,12,"bolha 695"
"696",51,29,"bolha 696"
"697",51,30,"bolha 697"
"698",51,42,"bolha 698"
"699",51,43,"bolha 699"
"700",51,44,"bolha 700"
"701",51,45,"bolha 701"
"702",51,46,"bolha 702"
"703",51,51,"bolha 703"
"704",51,52,"bolha 704"
"705",51,53,"bolha 705"
"706",52,6,"bolha 706"
"707",52,51,"bolha 707"
"708",52,52,"bolha 708"
"709",52,53,"bolha 709"
"710",53,6,"bolha 710"
"711",53,10,"bolha 711"
"712",53,11,"bolha 712"
"713",53,12,"bolha 713"
"714",53,13,"bolha 714"
"715",53,14,"bolha 715"
"716",53,41,"bolha 716"
"717",53,42,"bolha 717"
"718",53,43,"bolha 718"
"719",53,44,"bolha 719"
"720",53,45,"bolha 720"
"721",53,46,"bolha 721"
"722",53,47,"bolha 722"
"723",53,51,"bolha 723"
"724",53,52,"bolha 724"
"725",53,53,"bolha 725"
"726",54,6,"bolha 726"
"727",54,9,"bolha 727"
"728",54,10,"bolha 728"
"729",54,11,"bolha 729"
"730",54,12,"bolha 730"
"731",54,13,"bolha 731"
"732",54,14,"bolha 732"
"733",54,15,"bolha 733"
"734",54,25,"bolha 734"
"735",54,26,"bolha 735"
"736",54,27,"bolha 736"
"737",54,28,"bolha 737"
"738",54,29,"bolha 738"
"739",54,30,"bolha 739"
"740",54,31,"bolha 740"
"741",54,41,"bolha 741"
"742",54,42,"bolha 742"
"743",54,43,"bolha 743"
"744",54,44,"bolha 744"
"745",54,45,"bolha 745"
"746",54,46,"bolha 746"
"747",54,47,"bolha 747"
"748",54,51,"bolha 748"
"749",54,53,"bolha 749"
"750",55,6,"bolha 750"
"751",55,9,"bolha 751"
"752",55,15,"bolha 752"
"753",55,25,"bolha 753"
"754",55,26,"bolha 754"
"755",55,27,"bolha 755"
"756",55,28,"bolha 756"
"757",55,29,"bolha 757"
"758",55,30,"bolha 758"
"759",55,31,"bolha 759"
"760",55,42,"bolha 760"
"761",55,43,"bolha 761"
"762",55,44,"bolha 762"
"763",55,51,"bolha 763"
"764",55,52,"bolha 764"
"765",55,53,"bolha 765"
"766",56,6,"bolha 766"
"767",56,9,"bolha 767"
"768",56,15,"bolha 768"
"769",56,25,"bolha 769"
"770",56,28,"bolha 770"
"771",56,31,"bolha 771"
"772",56,43,"bolha 772"
"773",56,44,"bolha 773"
"774",56,45,"bolha 774"
"775",56,51,"bolha 775"
"776",56,52,"bolha 776"
"777",56,53,"bolha 777"
"778",57,6,"bolha 778"
"779",57,9,"bolha 779"
"780",57,15,"bolha 780"
"781",57,25,"bolha 781"
"782",57,28,"bolha 782"
"783",57,31,"bolha 783"
"784",57,44,"bolha 784"
"785",57,45,"bolha 785"
"786",57,46,"bolha 786"
"787",57,51,"bolha 787"
"788",57,52,"bolha 788"
"789",57,53,"bolha 789"
"790",58,6,"bolha 790"
"791",58,9,"bolha 791"
"792",58,10,"bolha 792"
"793",58,11,"bolha 793"
"794",58,12,"bolha 794"
"795",58,13,"bolha 795"
"796",58,14,"bolha 796"
"797",58,15,"bolha 797"
"798",58,25,"bolha 798"
"799",58,28,"bolha 799"
"800",58,31,"bolha 800"
"801",58,41,"bolha 801"
"802",58,42,"bolha 802"
"803",58,43,"bolha 803"
"804",58,44,"bolha 804"
"805",58,45,"bolha 805"
"806",58,46,"bolha 806"
"807",58,47,"bolha 807"
"808",58,51,"bolha 808"
"809",58,52,"bolha 809"
"810",58,53,"bolha 810"
"811",59,6,"bolha 811"
"812",59,10,"bolha 812"
"813",59,11,"bolha 813"
"814",59,12,"bolha 814"
"815",59,13,"bolha 815"
"816",59,14,"bolha 816"
"817",59,25,"bolha 817"
"818",59,31,"bolha 818"
"819",59,41,"bolha 819"
"820",59,42,"bolha 820"
"821",59,43,"bolha 821"
"822",59,44,"bolha 822"
"823",59,45,"bolha 823"
"824",59,46,"bolha 824"
"825",59,47,"bolha 825"
"826",59,51,"bolha 826"
"827",59,53,"bolha 827"
"828",60,6,"bolha 828"
"829",60,51,"bolha 829"
"830",60,52,"bolha 830"
"831",60,53,"bolha 831"
"832",61,6,"bolha 832"
"833",61,9,"bolha 833"
"834",61,10,"bolha 834"
"835",61,11,"bolha 835"
"836",61,12,"bolha 836"
"837",61,13,"bolha 837"
"838",61,14,"bolha 838"
"839",61,15,"bolha 839"
"840",61,25,"bolha 840"
"841",61,26,"bolha 841"
"842",61,27,"bolha 842"
"843",61,28,"bolha 843"
"844",61,29,"bolha 844"
"845",61,30,"bolha 845"
"846",61,31,"bolha 846"
"847",61,41,"bolha 847"
"848",61,42,"bolha 848"
"849",61,43,"bolha 849"
"850",61,44,"bolha 850"
"851",61,45,"bolha 851"
"852",61,46,"bolha 852"
"853",61,47,"bolha 853"
"854",61,51,"bolha 854"
"855",61,52,"bolha 855"
"856",61,53,"bolha 856"
"857",62,6,"bolha 857"
"858",62,9,"bolha 858"
"859",62,10,"bolha 859"
"860",62,11,"bolha 860"
"861",62,12,"bolha 861"
"862",62,13,"bolha 862"
"863",62,14,"bolha 863"
"864",62,15,"bolha 864"
"865",62,25,"bolha 865"
"866",62,26,"bolha 866"
"867",62,27,"bolha 867"
"868",62,28,"bolha 868"
"869",62,29,"bolha 869"
"870",62,30,"bolha 870"
"871",62,31,"bolha 871"
"872",62,41,"bolha 872"
"873",62,42,"bolha 873"
"874",62,43,"bolha 874"
"875",62,44,"bolha 875"
"876",62,45,"bolha 876"
"877",62,46,"bolha 877"
"878",62,47,"bolha 878"
"879",62,51,"bolha 879"
"880",62,52,"bolha 880"
"881",62,53,"bolha 881"
"882",63,6,"bolha 882"
"883",63,10,"bolha 883"
"884",63,11,"bolha 884"
"885",63,12,"bolha 885"
"886",63,26,"bolha 886"
"887",63,27,"bolha 887"
"888",63,28,"bolha 888"
"889",63,41,"bolha 889"
"890",63,45,"bolha 890"
"891",63,51,"bolha 891"
"892",63,52,"bolha 892"
"893",63,53,"bolha 893"
"894",64,6,"bolha 894"
"895",64,11,"bolha 895"
"896",64,12,"bolha 896"
"897",64,13,"bolha 897"
"898",64,27,"bolha 898"
"899",64,28,"bolha 899"
"900",64,29,"bolha 900"
"901",64,41,"bolha 901"
"902",64,45,"bolha 902"
"903",64,46,"bolha 903"
"904",64,51,"bolha 904"
"905",64,53,"bolha 905"
"906",65,6,"bolha 906"
"907",65,12,"bolha 907"
"908",65,13,"bolha 908"
"909",65,14,"bolha 909"
"910",65,28,"bolha 910"
"911",65,29,"bolha 911"
"912",65,30,"bolha 912"
"913",65,41,"bolha 913"
"914",65,44,"bolha 914"
"915",65,45,"bolha 915"
"916",65,46,"bolha 916"
"917",65,47,"bolha 917"
"918",65,51,"bolha 918"
"919",65,52,"bolha 919"
"920",65,53,"bolha 920"
"921",66,6,"bolha 921"
"922",66,9,"bolha 922"
"923",66,10,"bolha 923"
"924",66,11,"bolha 924"
"925",66,12,"bolha 925"
"926",66,13,"bolha 926"
"927",66,14,"bolha 927"
"928",66,15,"bolha 928"
"929",66,25,"bolha 929"
"930",66,26,"bolha 930"
"931",66,27,"bolha 931"
"932",66,28,"bolha 932"
"933",66,29,"bolha 933"
"934",66,30,"bolha 934"
"935",66,31,"bolha 935"
"936",66,41,"bolha 936"
"937",66,42,"bolha 937"
"938",66,43,"bolha 938"
"939",66,44,"bolha 939"
"940",66,46,"bolha 940"
"941",66,47,"bolha 941"
"942",66,51,"bolha 942"
"943",66,52,"bolha 943"
"944",66,53,"bolha 944"
"945",67,6,"bolha 945"
"946",67,9,"bolha 946"
"947",67,10,"bolha 947"
"948",67,11,"bolha 948"
"949",67,12,"bolha 949"
"950",67,13,"bolha 950"
"951",67,14,"bolha 951"
"952",67,15,"bolha 952"
"953",67,25,"bolha 953"
"954",67,26,"bolha 954"
"955",67,27,"bolha 955"
"956",67,28,"bolha 956"
"957",67,29,"bolha 957"
"958",67,30,"bolha 958"
"959",67,31,"bolha 959"
"960",67,42,"bolha 960"
"961",67,43,"bolha 961"
"962",67,44,"bolha 962"
"963",67,47,"bolha 963"
"964",67,51,"bolha 964"
"965",67,52,"bolha 965"
"966",67,53,"bolha 966"
"967",68,6,"bolha 967"
"968",68,51,"bolha 968"
"969",68,52,"bolha 969"
"970",68,53,"bolha 970"
"971",69,6,"bolha 971"
"972",69,43,"bolha 972"
"973",69,44,"bolha 973"
"974",69,45,"bolha 974"
"975",69,46,"bolha 975"
"976",69,47,"bolha 976"
"977",69,51,"bolha 977"
"978",69,53,"bolha 978"
"979",70,6,"bolha 979"
"980",70,9,"bolha 980"
"981",70,25,"bolha 981"
"982",70,42,"bolha 982"
"983",70,43,"bolha 983"
"984",70,44,"bolha 984"
"985",70,45,"bolha 985"
"986",70,46,"bolha 986"
"987",70,47,"bolha 987"
"988",70,51,"bolha 988"
"989",70,52,"bolha 989"
"990",70,53,"bolha 990"
"991",71,6,"bolha 991"
"992",71,9,"bolha 992"
"993",71,25,"bolha 993"
"994",71,41,"bolha 994"
"995",71,42,"bolha 995"
"996",71,45,"bolha 996"
"997",71,51,"bolha 997"
"998",71,52,"bolha 998"
"999",71,53,"bolha 999"
"1000",72,6,"bolha 1000"
"1001",72,9,"bolha 1001"
"1002",72,10,"bolha 1002"
"1003",72,11,"bolha 1003"
"1004",72,12,"bolha 1004"
"1005",72,13,"bolha 1005"
"1006",72,14,"bolha 1006"
"1007",72,15,"bolha 1007"
"1008",72,25,"bolha 1008"
"1009",72,26,"bolha 1009"
"1010",72,27,"bolha 1010"
"1011",72,28,"bolha 1011"
"1012",72,29,"bolha 1012"
"1013",72,30,"bolha 1013"
"1014",72,31,"bolha 1014"
"1015",72,41,"bolha 1015"
"1016",72,45,"bolha 1016"
"1017",72,51,"bolha 1017"
"1018",72,52,"bolha 1018"
"1019",72,53,"bolha 1019"
"1020",73,6,"bolha 1020"
"1021",73,9,"bolha 1021"
"1022",73,10,"bolha 1022"
"1023",73,11,"bolha 1023"
"1024",73,12,"bolha 1024"
"1025",73,13,"bolha 1025"
"1026",73,14,"bolha 1026"
"1027",73,15,"bolha 1027"
"1028",73,25,"bolha 1028"
"1029",73,26,"bolha 1029"
"1030",73,27,"bolha 1030"
"1031",73,28,"bolha 1031"
"1032",73,29,"bolha 1032"
"1033",73,30,"bolha 1033"
"1034",73,31,"bolha 1034"
"1035",73,41,"bolha 1035"
"1036",73,42,"bolha 1036"
"1037",73,45,"bolha 1037"
"1038",73,51,"bolha 1038"
"1039",73,52,"bolha 1039"
"1040",73,53,"bolha 1040"
"1041",74,6,"bolha 1041"
"1042",74,9,"bolha 1042"
"1043",74,25,"bolha 1043"
"1044",74,42,"bolha 1044"
"1045",74,43,"bolha 1045"
"1046",74,44,"bolha 1046"
"1047",74,45,"bolha 1047"
"1048",74,46,"bolha 1048"
"1049",74,47,"bolha 1049"
"1050",74,51,"bolha 1050"
"1051",74,53,"bolha 1051"
"1052",75,6,"bolha 1052"
"1053",75,9,"bolha 1053"
"1054",75,25,"bolha 1054"
"1055",75,43,"bolha 1055"
"1056",75,44,"bolha 1056"
"1057",75,45,"bolha 1057"
"1058",75,46,"bolha 1058"
"1059",75,47,"bolha 1059"
"1060",75,51,"bolha 1060"
"1061",75,52,"bolha 1061"
"1062",75,53,"bolha 1062"
"1063",76,6,"bolha 1063"
"1064",76,51,"bolha 1064"
"1065",76,52,"bolha 1065"
"1066",76,53,"bolha 1066"
"1067",77,6,"bolha 1067"
"1068",77,10,"bolha 1068"
"1069",77,11,"bolha 1069"
"1070",77,12,"bolha 1070"
"1071",77,13,"bolha 1071"
"1072",77,14,"bolha 1072"
"1073",77,27,"bolha 1073"
"1074",77,28,"bolha 1074"
"1075",77,29,"bolha 1075"
"1076",77,30,"bolha 1076"
"1077",77,31,"bolha 1077"
"1078",77,51,"bolha 1078"
"1079",77,52,"bolha 1079"
"1080",77,53,"bolha 1080"
"1081",78,6,"bolha 1081"
"1082",78,9,"bolha 1082"
"1083",78,10,"bolha 1083"
"1084",78,11,"bolha 1084"
"1085",78,12,"bolha 1085"
"1086",78,13,"bolha 1086"
"1087",78,14,"bolha 1087"
"1088",78,15,"bolha 1088"
"1089",78,26,"bolha 1089"
"1090",78,27,"bolha 1090"
"1091",78,28,"bolha 1091"
"1092",78,29,"bolha 1092"
"1093",78,30,"bolha 1093"
"1094",78,31,"bolha 1094"
"1095",78,47,"bolha 1095"
"1096",78,51,"bolha 1096"
"1097",78,52,"bolha 1097"
"1098",78,53,"bolha 1098"
"1099",79,6,"bolha 1099"
"1100",79,9,"bolha 1100"
"1101",79,15,"bolha 1101"
"1102",79,25,"bolha 1102"
"1103",79,26,"bolha 1103"
"1104",79,29,"bolha 1104"
"1105",79,51,"bolha 1105"
"1106",79,53,"bolha 1106"
"1107",80,6,"bolha 1107"
"1108",80,9,"bolha 1108"
"1109",80,15,"bolha 1109"
"1110",80,25,"bolha 1110"
"1111",80,29,"bolha 1111"
"1112",80,47,"bolha 1112"
"1113",80,51,"bolha 1113"
"1114",80,52,"bolha 1114"
"1115",80,53,"bolha 1115"
"1116",81,6,"bolha 1116"
"1117",81,9,"bolha 1117"
"1118",81,15,"bolha 1118"
"1119",81,25,"bolha 1119"
"1120",81,26,"bolha 1120"
"1121",81,29,"bolha 1121"
"1122",81,51,"bolha 1122"
"1123",81,52,"bolha 1123"
"1124",81,53,"bolha 1124"
"1125",82,6,"bolha 1125"
"1126",82,9,"bolha 1126"
"1127",82,10,"bolha 1127"
"1128",82,11,"bolha 1128"
"1129",82,12,"bolha 1129"
"1130",82,13,"bolha 1130"
"1131",82,14,"bolha 1131"
"1132",82,15,"bolha 1132"
"1133",82,26,"bolha 1133"
"1134",82,27,"bolha 1134"
"1135",82,28,"bolha 1135"
"1136",82,29,"bolha 1136"
"1137",82,30,"bolha 1137"
"1138",82,31,"bolha 1138"
"1139",82,47,"bolha 1139"
"1140",82,51,"bolha 1140"
"1141",82,52,"bolha 1141"
"1142",82,53,"bolha 1142"
"1143",83,6,"bolha 1143"
"1144",83,10,"bolha 1144"
"1145",83,11,"bolha 1145"
"1146",83,12,"bolha 1146"
"1147",83,13,"bolha 1147"
"1148",83,14,"bolha 1148"
"1149",83,27,"bolha 1149"
"1150",83,28,"bolha 1150"
"1151",83,29,"bolha 1151"
"1152",83,30,"bolha 1152"
"1153",83,31,"bolha 1153"
"1154",83,51,"bolha 1154"
"1155",83,52,"bolha 1155"
"1156",83,53,"bolha 1156"
"1157",84,6,"bolha 1157"
"1158",84,51,"bolha 1158"
"1159",84,53,"bolha 1159"
"1160",85,6,"bolha 1160"
"1161",85,51,"bolha 1161"
"1162",85,52,"bolha 1162"
"1163",85,53,"bolha 1163"
"1164",86,6,"bolha 1164"
"1165",86,7,"bolha 1165"
"1166",86,50,"bolha 1166"
"1167",86,51,"bolha 1167"
"1168",86,52,"bolha 1168"
"1169",86,53,"bolha 1169"
"1170",87,6,"bolha 1170"
"1171",87,7,"bolha 1171"
"1172",87,8,"bolha 1172"
"1173",87,9,"bolha 1173"
"1174",87,10,"bolha 1174"
"1175",87,11,"bolha 1175"
"1176",87,12,"bolha 1176"
"1177",87,13,"bolha 1177"
"1178",87,14,"bolha 1178"
"1179",87,15,"bolha 1179"
"1180",87,16,"bolha 1180"
"1181",87,17,"bolha 1181"
"1182",87,18,"bolha 1182"
"1183",87,19,"bolha 1183"
"1184",87,20,"bolha 1184"
"1185",87,21,"bolha 1185"
"1186",87,22,"bolha 1186"
"1187",87,23,"bolha 1187"
"1188",87,24,"bolha 1188"
"1189",87,25,"bolha 1189"
"1190",87,26,"bolha 1190"
"1191",87,27,"bolha 1191"
"1192",87,28,"bolha 1192"
"1193",87,29,"bolha 1193"
"1194",87,30,"bolha 1194"
"1195",87,31,"bolha 1195"
"1196",87,32,"bolha 1196"
"1197",87,33,"bolha 1197"
"1198",87,34,"bolha 1198"
"1199",87,35,"bolha 1199"
"1200",87,36,"bolha 1200"
"1201",87,37,"bolha 1201"
"1202",87,38,"bolha 1202"
"1203",87,39,"bolha 1203"
"1204",87,40,"bolha 1204"
"1205",87,41,"bolha 1205"
"1206",87,42,"bolha 1206"
"1207",87,43,"bolha 1207"
"1208",87,44,"bolha 1208"
"1209",87,45,"bolha 1209"
"1210",87,46,"bolha 1210"
"1211",87,47,"bolha 1211"
"1212",87,48,"bolha 1212"
"1213",87,49,"bolha 1213"
"1214",87,50,"bolha 1214"
"1215",87,51,"bolha 1215"
"1216",87,52,"bolha 1216"
"1217",87,53,"bolha 1217"
"1218",88,7,"bolha 1218"
"1219",88,8,"bolha 1219"
"1220",88,9,"bolha 1220"
"1221",88,10,"bolha 1221"
"1222",88,11,"bolha 1222"
"1223",88,12,"bolha 1223"
"1224",88,13,"bolha 1224"
"1225",88,14,"bolha 1225"
"1226",88,15,"bolha 1226"
"1227",88,16,"bolha 1227"
"1228",88,17,"bolha 1228"
"1229",88,18,"bolha 1229"
"1230",88,19,"bolha 1230"
"1231",88,20,"bolha 1231"
"1232",88,21,"bolha 1232"
"1233",88,22,"bolha 1233"
"1234",88,23,"bolha 1234"
"1235",88,24,"bolha 1235"
"1236",88,25,"bolha 1236"
"1237",88,26,"bolha 1237"
"1238",88,27,"bolha 1238"
"1239",88,28,"bolha 1239"
"1240",88,29,"bolha 1240"
"1241",88,30,"bolha 1241"
"1242",88,31,"bolha 1242"
"1243",88,32,"bolha 1243"
"1244",88,33,"bolha 1244"
"1245",88,34,"bolha 1245"
"1246",88,35,"bolha 1246"
"1247",88,36,"bolha 1247"
"1248",88,37,"bolha 1248"
"1249",88,38,"bolha 1249"
"1250",88,39,"bolha 1250"
"1251",88,40,"bolha 1251"
"1252",88,41,"bolha 1252"
"1253",88,42,"bolha 1253"
"1254",88,43,"bolha 1254"
"1255",88,44,"bolha 1255"
"1256",88,45,"bolha 1256"
"1257",88,46,"bolha 1257"
"1258",88,47,"bolha 1258"
"1259",88,48,"bolha 1259"
"1260",88,49,"bolha 1260"
"1261",88,50,"bolha 1261"
"1262",88,51,"bolha 1262"
"1263",88,52,"bolha 1263"
"1264",88,53,"bolha 1264"
"1265",89,8,"bolha 1265"
"1266",89,9,"bolha 1266"
"1267",89,10,"bolha 1267"
"1268",89,11,"bolha 1268"
"1269",89,12,"bolha 1269"
"1270",89,13,"bolha 1270"
"1271",89,14,"bolha 1271"
"1272",89,15,"bolha 1272"
"1273",89,16,"bolha 1273"
"1274",89,17,"bolha 1274"
"1275",89,18,"bolha 1275"
"1276",89,19,"bolha 1276"
"1277",89,20,"bolha 1277"
"1278",89,21,"bolha 1278"
"1279",89,22,"bolha 1279"
"1280",89,23,"bolha 1280"
"1281",89,24,"bolha 1281"
"1282",89,25,"bolha 1282"
"1283",89,26,"bolha 1283"
"1284",89,27,"bolha 1284"
"1285",89,28,"bolha 1285"
"1286",89,29,"bolha 1286"
"1287",89,30,"bolha 1287"
"1288",89,31,"bolha 1288"
"1289",89,32,"bolha 1289"
"1290",89,33,"bolha 1290"
"1291",89,34,"bolha 1291"
"1292",89,35,"bolha 1292"
"1293",89,36,"bolha 1293"
"1294",89,37,"bolha 1294"
"1295",89,38,"bolha 1295"
"1296",89,39,"bolha 1296"
"1297",89,40,"bolha 1297"
"1298",89,41,"bolha 1298"
"1299",89,42,"bolha 1299"
"1300",89,43,"bolha 1300"
"1301",89,44,"bolha 1301"
"1302",89,45,"bolha 1302"
"1303",89,46,"bolha 1303"
"1304",89,47,"bolha 1304"
"1305",89,48,"bolha 1305"
"1306",89,49,"bolha 1306"
"1307",89,50,"bolha 1307"
"1308",89,51,"bolha 1308"
"1309",89,52,"bolha 1309"
"1310",89,53,"bolha 1310"
