"","date","lender","borrower","amount_honoured"
"1",2019-12-19,"Caixa Econômica Federal","Rio de Janeiro",996823.31
"2",2019-12-19,"Caixa Econômica Federal","Rio de Janeiro",2686096.4
"3",2019-12-20,"Banco do Brasil S/A","Minas Gerais",440555987.98
"4",2019-12-15,"BID","Rio de Janeiro",6575418.28
"5",2019-12-15,"Caixa Econômica Federal","Goiás",28491865.83
"6",2019-12-16,"Caixa Econômica Federal","Goiás",28840968.64
"7",2019-10-20,"Fundo Financeiro para Desenvolvimento da Bacia do Prata","Cachoeirinha",1712550
"8",2019-10-20,"Fundo Financeiro para Desenvolvimento da Bacia do Prata","Cachoeirinha",122133.91
"9",2019-12-15,"BID","Rio de Janeiro",95251
"10",2019-12-16,"Caixa Econômica Federal","Rio Grande do Norte",1499711.06
"11",2019-12-16,"Caixa Econômica Federal","Rio Grande do Norte",6492225.43
"12",2019-12-16,"Caixa Econômica Federal","Rio de Janeiro",6988722.28
"13",2019-12-16,"Banco Mundial","Rio Grande do Norte",32268992.04
"14",2019-12-16,"Banco Nacional de Desenvolvimento Econômico e Social","Goiás",2326785.73
"15",2019-12-16,"Banco Nacional de Desenvolvimento Econômico e Social","Goiás",15851072
"16",2019-12-15,"Banco Nacional de Desenvolvimento Econômico e Social","Rio de Janeiro",22871432.19
"17",2019-12-16,"Banco do Brasil S/A","Rio Grande do Norte",2981167.41
"18",2019-12-15,"Banco Nacional de Desenvolvimento Econômico e Social","Rio de Janeiro",3014371.27
"19",2019-12-15,"Banco Nacional de Desenvolvimento Econômico e Social","Rio de Janeiro",24725383.7
"20",2019-12-15,"Banco Nacional de Desenvolvimento Econômico e Social","Rio de Janeiro",4332764.23
"21",2019-12-16,"Banco do Brasil S/A","Rio de Janeiro",422888429.24
"22",2019-12-16,"Banco do Brasil S/A","Rio de Janeiro",8191944.5
"23",2019-12-16,"Banco Nacional de Desenvolvimento Econômico e Social","Rio Grande do Norte",2217066.08
"24",2019-12-16,"Caixa Econômica Federal","Amapá",8668705.3
"25",2019-12-16,"Banco Nacional de Desenvolvimento Econômico e Social","Amapá",5671276.89
"26",2019-12-16,"Banco Nacional de Desenvolvimento Econômico e Social","Minas Gerais",3820261.05
"27",2019-12-16,"Banco Nacional de Desenvolvimento Econômico e Social","Amapá",2414366.08
"28",2019-12-16,"Caixa Econômica Federal","Goiás",3227116.42
"29",2019-12-05,"Corporacão Andina de Fomento","Rio de Janeiro",42338499.76
"30",2019-11-15,"BID","Rio de Janeiro",3055212.63
"31",2019-12-03,"Agência Francesa de Desevolvimento","Minas Gerais",66668254.73
"32",2019-11-15,"BID","Minas Gerais",1689193.19
"33",2019-11-25,"Caixa Econômica Federal","Rio de Janeiro",13522637.32
"34",2019-11-15,"BID","Minas Gerais",1387299.22
"35",2019-11-14,"BID","Minas Gerais",7663241.36
"36",2019-11-14,"BID","Minas Gerais",6942482.44
"37",2019-11-22,"Corporacão Andina de Fomento","Rio de Janeiro",27182758.06
"38",2019-11-15,"Banco Mundial","Rio de Janeiro",2153876.04
"39",2019-11-15,"Banco Mundial","Rio de Janeiro",72663670.38
"40",2019-11-15,"Banco Mundial","Rio de Janeiro",64445499.55
"41",2019-11-15,"Banco Mundial","Rio de Janeiro",1370127.23
"42",2019-11-19,"Caixa Econômica Federal","Rio de Janeiro",997125.37
"43",2019-11-18,"Caixa Econômica Federal","Rio Grande do Norte",6478684.51
"44",2019-11-18,"Caixa Econômica Federal","Amapá",9575024.92
"45",2019-11-18,"Banco Nacional de Desenvolvimento Econômico e Social","Amapá",6433000.66
"46",2019-11-18,"Caixa Econômica Federal","Rio Grande do Norte",1534916.95
"47",2019-11-19,"Caixa Econômica Federal","Rio de Janeiro",2685764.8
"48",2019-11-18,"Banco Nacional de Desenvolvimento Econômico e Social","Amapá",2738645.79
"49",2019-11-18,"Banco Nacional de Desenvolvimento Econômico e Social","Rio Grande do Norte",2513371.04
"50",2019-11-15,"Banco Nacional de Desenvolvimento Econômico e Social","Rio de Janeiro",4691609.58
"51",2019-11-18,"Banco Nacional de Desenvolvimento Econômico e Social","Goiás",2582918.99
"52",2019-11-18,"Banco Nacional de Desenvolvimento Econômico e Social","Goiás",17653543.79
"53",2019-11-18,"Banco Nacional de Desenvolvimento Econômico e Social","Minas Gerais",4050111.32
"54",2019-11-18,"Banco Nacional de Desenvolvimento Econômico e Social","Minas Gerais",20300846.68
"55",2019-11-15,"Banco Nacional de Desenvolvimento Econômico e Social","Rio de Janeiro",25543418.28
"56",2019-11-18,"Banco Nacional de Desenvolvimento Econômico e Social","Minas Gerais",1526681.48
"57",2019-11-15,"Banco Nacional de Desenvolvimento Econômico e Social","Rio de Janeiro",3312094.34
"58",2019-11-15,"Banco Nacional de Desenvolvimento Econômico e Social","Rio de Janeiro",28188320.95
"59",2019-11-18,"Banco do Brasil S/A","Rio de Janeiro",9001504.87
"60",2019-11-18,"Banco do Brasil S/A","Rio Grande do Norte",3277712.53
"61",2019-11-15,"Caixa Econômica Federal","Goiás",30809106.28
"62",2019-11-15,"Caixa Econômica Federal","Goiás",27650312.88
"63",2019-11-18,"Caixa Econômica Federal","Rio de Janeiro",6927549.76
"64",2019-11-15,"Caixa Econômica Federal","Goiás",3544315.55
"65",2019-10-15,"BID","Belford Roxo",1592885.37
"66",2019-11-07,"Banco do Brasil S/A","Rio de Janeiro",335775849.83
"67",2019-10-31,"Agência Francesa de Desevolvimento","Rio de Janeiro",71856816.88
"68",2019-10-25,"Caixa Econômica Federal","Rio de Janeiro",13376205.52
"69",2019-10-19,"Caixa Econômica Federal","Rio de Janeiro",999880.21
"70",2019-10-19,"Caixa Econômica Federal","Rio de Janeiro",2692043.61
"71",2019-10-15,"BID","Rio de Janeiro",3687344.2
"72",2019-10-15,"Banco Mundial","Minas Gerais",64327615.9
"73",2019-10-15,"Banco Mundial","Minas Gerais",125519659.65
"74",2019-10-15,"Banco Mundial","Minas Gerais",6344234.19
"75",2019-10-15,"Banco Mundial","Rio de Janeiro",23704940.45
"76",2019-10-15,"Banco Mundial","Rio de Janeiro",5627988.92
"77",2019-10-15,"Banco Mundial","Rio de Janeiro",67840330.02
"78",2019-10-15,"Banco Mundial","Rio de Janeiro",10189779.67
"79",2019-10-15,"Caixa Econômica Federal","Goiás",29585273.24
"80",2019-10-15,"Caixa Econômica Federal","Rio Grande do Norte",2923380.57
"81",2019-10-15,"Caixa Econômica Federal","Amapá",8824598.73
"82",2019-10-15,"Caixa Econômica Federal","Goiás",27930602.84
"83",2019-10-15,"Caixa Econômica Federal","Rio de Janeiro",7082824.27
"84",2019-10-15,"Caixa Econômica Federal","Rio Grande do Norte",1522430.71
"85",2019-10-15,"Banco Suiço de Investimento - Credit Suisse-Brasil","Rio de Janeiro",104482232.08
"86",2019-10-15,"Caixa Econômica Federal","Goiás",3408704
"87",2019-10-15,"Banco do Brasil S/A","Rio de Janeiro",8470280.7
"88",2019-10-15,"Banco Nacional de Desenvolvimento Econômico e Social","Amapá",5930917.6
"89",2019-10-15,"Banco Nacional de Desenvolvimento Econômico e Social","Rio de Janeiro",23644931.84
"90",2019-10-15,"Banco Nacional de Desenvolvimento Econômico e Social","Amapá",2524899.87
"91",2019-10-15,"Banco do Brasil S/A","Rio Grande do Norte",3083046.13
"92",2019-10-15,"Banco Nacional de Desenvolvimento Econômico e Social","Rio de Janeiro",3095155.03
"93",2019-10-15,"Banco Nacional de Desenvolvimento Econômico e Social","Rio de Janeiro",25783399.18
"94",2019-10-15,"Banco Nacional de Desenvolvimento Econômico e Social","Rio de Janeiro",4452687.14
"95",2019-04-15,"Banco Nacional de Desenvolvimento Econômico e Social","Rio Grande do Norte",2294716.27
"96",2019-10-15,"Banco Nacional de Desenvolvimento Econômico e Social","Goiás",2383893.68
"97",2019-10-15,"Banco Nacional de Desenvolvimento Econômico e Social","Goiás",25319275.05
"98",2019-10-15,"Banco Nacional de Desenvolvimento Econômico e Social","Minas Gerais",3894028.33
"99",2019-09-27,"Banco do Nordeste","Minas Gerais",4620118.11
"100",2019-09-25,"Caixa Econômica Federal","Rio de Janeiro",13391125.47
"101",2019-09-15,"Banco Mundial","Minas Gerais",72490139.87
"102",2019-09-19,"Caixa Econômica Federal","Rio de Janeiro",998207.2
"103",2019-09-19,"Caixa Econômica Federal","Rio de Janeiro",2686407.39
"104",2019-09-15,"Banco Nacional de Desenvolvimento Econômico e Social","Rio de Janeiro",4710895.63
"105",2019-09-15,"Caixa Econômica Federal","Rio Grande do Norte",2958523.8
"106",2019-09-16,"Caixa Econômica Federal","Rio de Janeiro",7155648.84
"107",2019-09-15,"Caixa Econômica Federal","Rio Grande do Norte",1538235.15
"108",2019-09-15,"Banco Nacional de Desenvolvimento Econômico e Social","Rio de Janeiro",25451035.61
"109",2019-09-15,"Banco Nacional de Desenvolvimento Econômico e Social","Rio de Janeiro",3290470.18
"110",2019-09-15,"Banco Nacional de Desenvolvimento Econômico e Social","Rio de Janeiro",28189292.38
"111",2019-09-15,"Caixa Econômica Federal","Goiás",31228313.72
"112",2019-09-15,"Caixa Econômica Federal","Amapá",9325563.6
"113",2019-09-15,"Caixa Econômica Federal","Goiás",27906922.21
"114",2019-09-16,"Banco Nacional de Desenvolvimento Econômico e Social","Amapá",6316458.82
"115",2019-09-16,"Banco Nacional de Desenvolvimento Econômico e Social","Goiás",2563895.76
"116",2019-09-16,"Banco Nacional de Desenvolvimento Econômico e Social","Minas Gerais",4019087.66
"117",2019-09-16,"Banco Nacional de Desenvolvimento Econômico e Social","Amapá",2689031.8
"118",2019-09-15,"Caixa Econômica Federal","Goiás",3589764.71
"119",2019-09-16,"Banco Nacional de Desenvolvimento Econômico e Social","Rio Grande do Norte",2467984.78
"120",2019-09-13,"Corporacão Andina de Fomento","Rio de Janeiro",23644700.81
"121",2019-09-13,"Corporacão Andina de Fomento","Rio de Janeiro",48740511.41
"122",2019-09-16,"Banco Suiço de Investimento - Credit Suisse-Brasil","Rio de Janeiro",78376939.65
"123",2019-09-16,"Banco do Brasil S/A","Rio Grande do Norte",3273915.53
"124",2019-09-16,"Banco do Brasil S/A","Rio de Janeiro",8991271.62
"125",2019-08-15,"Caixa Econômica Federal","Amapá",9509712.41
"126",2019-08-26,"BID","Minas Gerais",7535263.26
"127",2019-08-15,"Banco Nacional de Desenvolvimento Econômico e Social","Amapá",6703412.58
"128",2019-08-15,"Banco Nacional de Desenvolvimento Econômico e Social","Amapá",2853765.08
"129",2019-08-25,"Caixa Econômica Federal","Rio de Janeiro",13505246.92
"130",2019-08-15,"Banco Mundial","Rio de Janeiro",33325552.25
"131",2019-08-15,"Banco Mundial","Rio de Janeiro",5677706.19
"132",2019-08-15,"Banco Mundial","Rio de Janeiro",35683545.53
"133",2019-08-15,"Banco Mundial","Minas Gerais",28941673.49
"134",2019-08-15,"BID","Minas Gerais",20497809.44
"135",2019-08-19,"Caixa Econômica Federal","Rio de Janeiro",998003.95
"136",2019-08-15,"Caixa Econômica Federal","Rio Grande do Norte",3001559.76
"137",2019-08-15,"Caixa Econômica Federal","Rio Grande do Norte",1561691.95
"138",2019-08-16,"Banco Nacional de Desenvolvimento Econômico e Social","Minas Gerais",4108336.43
"139",2019-08-19,"Caixa Econômica Federal","Rio de Janeiro",2684736.16
"140",2019-08-16,"Banco Nacional de Desenvolvimento Econômico e Social","Minas Gerais",20728805.27
"141",2019-08-16,"Banco Nacional de Desenvolvimento Econômico e Social","Minas Gerais",1558865.18
"142",2019-08-15,"Banco Nacional de Desenvolvimento Econômico e Social","Rio Grande do Norte",2488622.88
"143",2019-08-15,"Caixa Econômica Federal","Goiás",31142984.07
"144",2019-08-15,"Caixa Econômica Federal","Goiás",27930602.84
"145",2019-08-15,"Caixa Econômica Federal","Rio de Janeiro",7193841.01
"146",2019-08-15,"Banco Nacional de Desenvolvimento Econômico e Social","Rio de Janeiro",25144010.12
"147",2019-08-15,"Caixa Econômica Federal","Goiás",3582413.06
"148",2019-08-15,"Banco Nacional de Desenvolvimento Econômico e Social","Rio de Janeiro",3264140.06
"149",2019-08-15,"Banco Nacional de Desenvolvimento Econômico e Social","Rio de Janeiro",27714989.5
"150",2019-08-15,"Banco Nacional de Desenvolvimento Econômico e Social","Rio de Janeiro",4681462.65
"151",2019-08-15,"Banco Nacional de Desenvolvimento Econômico e Social","Goiás",2533907.11
"152",2019-08-15,"Banco do Brasil S/A","Rio de Janeiro",8877780.08
"153",2019-08-15,"Banco do Brasil S/A","Rio Grande do Norte",3233348.97
"154",2019-08-14,"Banco Suiço de Investimento - Credit Suisse","Minas Gerais",122857026.63
"155",2019-08-08,"Banco do Brasil S/A","Goiás",168754162.55
"156",2019-07-28,"BID","Rio de Janeiro",22040328.52
"157",2019-07-24,"Banco do Brasil S/A","Minas Gerais",137029252.34
"158",2019-07-25,"Caixa Econômica Federal","Rio de Janeiro",13209577.42
"159",2019-07-15,"Banco Nacional de Desenvolvimento Econômico e Social","Rio de Janeiro",4678908.17
"160",2019-07-19,"Caixa Econômica Federal","Rio de Janeiro",2688352.76
"161",2019-07-15,"Banco Nacional de Desenvolvimento Econômico e Social","Rio de Janeiro",24499781
"162",2019-07-19,"Caixa Econômica Federal","Rio de Janeiro",999764.34
"163",2019-07-15,"Banco Nacional de Desenvolvimento Econômico e Social","Rio de Janeiro",3099980.3
"164",2019-07-15,"Banco Nacional de Desenvolvimento Econômico e Social","Rio de Janeiro",26925153.09
"165",2019-07-15,"Banco do Brasil S/A","Rio Grande do Norte",3132036.71
"166",2019-07-15,"Caixa Econômica Federal","Goiás",30051711.73
"167",2019-07-15,"Caixa Econômica Federal","Rio Grande do Norte",2997358.39
"168",2019-07-15,"Caixa Econômica Federal","Goiás",28211120.5
"169",2019-07-15,"Caixa Econômica Federal","Rio Grande do Norte",1562252.38
"170",2019-07-15,"Caixa Econômica Federal","Goiás",3462343.08
"171",2019-07-15,"Banco do Brasil S/A","Rio de Janeiro",8545783.61
"172",2019-07-15,"Banco Nacional de Desenvolvimento Econômico e Social","Goiás",2446715.2
"173",2019-07-15,"Banco Nacional de Desenvolvimento Econômico e Social","Goiás",25929109.82
"174",2019-07-15,"Banco Nacional de Desenvolvimento Econômico e Social","Rio Grande do Norte",2331535.91
"175",2019-07-15,"Caixa Econômica Federal","Rio de Janeiro",7126329.03
"176",2019-07-15,"Banco Nacional de Desenvolvimento Econômico e Social","Minas Gerais",3981822.28
"177",2019-06-15,"Banco Mundial","Rio Grande do Norte",28679642.71
"178",2019-06-17,"Banco do Brasil S/A","Rio Grande do Norte",3515377.68
"179",2019-06-17,"Caixa Econômica Federal","Rio Grande do Norte",1669185.19
"180",2019-06-17,"Caixa Econômica Federal","Rio Grande do Norte",3211300.35
"181",2019-06-17,"Banco Nacional de Desenvolvimento Econômico e Social","Rio Grande do Norte",2699147.69
"182",2019-06-21,"Banco do Brasil S/A","Minas Gerais",453117915.64
"183",2019-06-25,"Caixa Econômica Federal","Rio de Janeiro",13202942.85
"184",2019-06-15,"Banco Nacional de Desenvolvimento Econômico e Social","Goiás",2747774.44
"185",2019-06-17,"Caixa Econômica Federal","Goiás",33108226.83
"186",2019-06-17,"Caixa Econômica Federal","Goiás",28797202.61
"187",2019-06-17,"Banco Nacional de Desenvolvimento Econômico e Social","Minas Gerais",4267072.66
"188",2019-06-17,"Caixa Econômica Federal","Goiás",3805560.46
"189",2019-06-15,"BID","Rio de Janeiro",6415386.77
"190",2019-05-15,"Caixa Econômica Federal","Goiás",29792451.95
"191",2019-05-15,"Caixa Econômica Federal","Goiás",32956925.25
"192",2019-06-15,"BID","Rio de Janeiro",19472039.8
"193",2019-06-17,"Banco do Brasil S/A","Rio de Janeiro",9325275.23
"194",2019-06-19,"Caixa Econômica Federal","Rio de Janeiro",2689318.14
"195",2019-06-19,"Caixa Econômica Federal","Rio de Janeiro",1000537.05
"196",2019-06-18,"Banco do Brasil S/A","Rio de Janeiro",429329902.24
"197",2019-06-17,"Banco Nacional de Desenvolvimento Econômico e Social","Rio de Janeiro",4791363.69
"198",2019-06-17,"Banco Nacional de Desenvolvimento Econômico e Social","Rio de Janeiro",25811965.32
"199",2019-06-17,"Banco Nacional de Desenvolvimento Econômico e Social","Rio de Janeiro",3317826.51
"200",2019-06-17,"Banco Nacional de Desenvolvimento Econômico e Social","Rio de Janeiro",28788671.44
"201",2019-06-17,"Caixa Econômica Federal","Rio de Janeiro",7164170.97
"202",2019-06-03,"Agência Francesa de Desevolvimento","Minas Gerais",62977959.35
"203",2019-06-05,"Corporacão Andina de Fomento","Rio de Janeiro",41646576.08
"204",2019-05-20,"Caixa Econômica Federal","Rio de Janeiro",1002785.75
"205",2019-05-20,"Caixa Econômica Federal","Rio de Janeiro",2694254.73
"206",2019-05-27,"Caixa Econômica Federal","Rio de Janeiro",13796721.11
"207",2019-05-15,"BID","Rio de Janeiro",3141758.23
"208",2019-05-22,"Corporacão Andina de Fomento","Rio de Janeiro",26529886.6
"209",2019-05-15,"BID","Minas Gerais",1391244.92
"210",2019-05-15,"BID","Minas Gerais",1678139.09
"211",2019-05-15,"Banco Nacional de Desenvolvimento Econômico e Social","Minas Gerais",1557559.5
"212",2019-05-15,"Banco Nacional de Desenvolvimento Econômico e Social","Minas Gerais",4287294.2
"213",2019-05-15,"Banco Nacional de Desenvolvimento Econômico e Social","Minas Gerais",20711443.14
"214",2019-05-15,"Banco Mundial","Rio de Janeiro",2113508.14
"215",2019-05-15,"Banco Mundial","Rio de Janeiro",71800692.08
"216",2019-05-15,"Banco Mundial","Rio de Janeiro",63401716.51
"217",2019-05-15,"Banco Mundial","Rio de Janeiro",1351955.57
"218",2019-05-14,"BID","Minas Gerais",6909761.74
"219",2019-05-14,"BID","Minas Gerais",7696235.15
"220",2019-05-15,"Banco do Brasil S/A","Rio de Janeiro",8871410.05
"221",2019-05-15,"Caixa Econômica Federal","Rio de Janeiro",7238989.45
"222",2019-05-15,"Banco Nacional de Desenvolvimento Econômico e Social","Rio de Janeiro",24468471.99
"223",2019-05-15,"Banco Nacional de Desenvolvimento Econômico e Social","Rio de Janeiro",3158074.32
"224",2019-05-15,"Banco Nacional de Desenvolvimento Econômico e Social","Rio de Janeiro",27160356.62
"225",2019-05-15,"Banco Nacional de Desenvolvimento Econômico e Social","Rio de Janeiro",4646052.18
"226",2019-05-07,"Banco do Brasil S/A","Rio de Janeiro",339663586.94
"227",2019-04-30,"Agência Francesa de Desevolvimento","Rio de Janeiro",70144679.52
"228",2019-04-25,"Caixa Econômica Federal","Rio de Janeiro",13299497.61
"229",2019-04-15,"Banco Mundial","Minas Gerais",6293866.88
"230",2019-04-15,"Banco Mundial","Minas Gerais",63436941.68
"231",2019-04-15,"Banco Mundial","Minas Gerais",124028250.68
"232",2019-04-22,"Caixa Econômica Federal","Rio de Janeiro",2693885.93
"233",2019-04-22,"Caixa Econômica Federal","Rio de Janeiro",1003058.22
"234",2019-04-15,"Banco Mundial","Rio de Janeiro",17399812.67
"235",2019-04-15,"Banco Mundial","Rio de Janeiro",5435850.36
"236",2019-04-15,"Banco Mundial","Rio de Janeiro",67745762.07
"237",2019-04-15,"Banco Mundial","Rio de Janeiro",10292796.31
"238",2019-04-15,"BID","Rio de Janeiro",3787698.18
"239",2019-04-15,"Banco Nacional de Desenvolvimento Econômico e Social","Minas Gerais",4249733.47
"240",2019-04-15,"Banco do Brasil S/A","Rio de Janeiro",9045701.71
"241",2019-04-15,"Caixa Econômica Federal","Rio de Janeiro",7292806.4
"242",2019-04-15,"Banco Nacional de Desenvolvimento Econômico e Social","Rio de Janeiro",24922651.67
"243",2019-04-15,"Banco Nacional de Desenvolvimento Econômico e Social","Rio de Janeiro",3207223.95
"244",2019-04-15,"Banco Nacional de Desenvolvimento Econômico e Social","Rio de Janeiro",27758133.24
"245",2019-04-15,"Banco Nacional de Desenvolvimento Econômico e Social","Rio de Janeiro",4716150.49
"246",2019-03-26,"Banco do Nordeste","Minas Gerais",4412968.54
"247",2019-03-15,"Banco Mundial","Minas Gerais",67031972.51
"248",2019-03-25,"Caixa Econômica Federal","Rio de Janeiro",13300534.23
"249",2019-03-20,"Japan International Cooperation Agency","Rio de Janeiro",31792.42
"250",2019-02-26,"BID","Minas Gerais",7049676.95
"251",2019-03-15,"Banco Nacional de Desenvolvimento Econômico e Social","Minas Gerais",4264021.63
"252",2019-03-20,"Japan International Cooperation Agency","Rio de Janeiro",30530683.72
"253",2019-03-19,"Caixa Econômica Federal","Rio de Janeiro",2689534.56
"254",2019-03-19,"Caixa Econômica Federal","Rio de Janeiro",1001844.75
"255",2019-03-15,"Banco do Brasil S/A","Rio de Janeiro",8672280.82
"256",2019-03-15,"Banco Nacional de Desenvolvimento Econômico e Social","Rio de Janeiro",23817736.05
"257",2019-03-15,"Banco Nacional de Desenvolvimento Econômico e Social","Rio de Janeiro",3079852.45
"258",2019-03-15,"Banco Nacional de Desenvolvimento Econômico e Social","Rio de Janeiro",26386637.08
"259",2019-03-15,"Banco Nacional de Desenvolvimento Econômico e Social","Rio de Janeiro",4613521.35
"260",2019-02-15,"Banco Nacional de Desenvolvimento Econômico e Social","Minas Gerais",21753558.14
"261",2019-03-15,"Caixa Econômica Federal","Rio de Janeiro",7282270.16
"262",2019-03-13,"Corporacão Andina de Fomento","Rio de Janeiro",21988275.51
"263",2019-03-13,"Corporacão Andina de Fomento","Rio de Janeiro",45095411.05
"264",2019-03-09,"BID","Rio de Janeiro",6310995.19
"265",2019-03-09,"BID","Rio de Janeiro",43888409.69
"266",2019-02-15,"BID","Minas Gerais",17169484.56
"267",2019-02-15,"Banco Mundial","Minas Gerais",26883286.59
"268",2019-02-15,"Banco Nacional de Desenvolvimento Econômico e Social","Minas Gerais",1629245.79
"269",2019-02-15,"Banco Nacional de Desenvolvimento Econômico e Social","Minas Gerais",4476948.94
"270",2019-02-15,"Banco Mundial","Rio de Janeiro",30303474.54
"271",2019-02-15,"Banco Mundial","Rio de Janeiro",5038450.6
"272",2019-02-15,"Banco Mundial","Rio de Janeiro",31528339.99
"273",2019-02-25,"Caixa Econômica Federal","Rio de Janeiro",13104909.69
"274",2019-02-19,"Caixa Econômica Federal","Rio de Janeiro",1002601.51
"275",2019-02-19,"Caixa Econômica Federal","Rio de Janeiro",2690480.1
"276",2019-02-15,"Banco do Brasil S/A","Rio de Janeiro",9124834.22
"277",2019-02-15,"Banco Nacional de Desenvolvimento Econômico e Social","Rio de Janeiro",25320818.61
"278",2019-02-15,"Banco Nacional de Desenvolvimento Econômico e Social","Rio de Janeiro",3264191.71
"279",2019-02-15,"Banco Nacional de Desenvolvimento Econômico e Social","Rio de Janeiro",28153599.23
"280",2019-02-15,"Banco Nacional de Desenvolvimento Econômico e Social","Rio de Janeiro",4802384.62
"281",2019-02-15,"Caixa Econômica Federal","Rio de Janeiro",7376055.04
"282",2019-02-14,"Banco Suiço de Investimento - Credit Suisse","Minas Gerais",606393184.07
"283",2019-01-24,"Banco do Brasil S/A","Minas Gerais",141868537.26
"284",2019-01-28,"BID","Rio de Janeiro",21316787.05
"285",2019-01-25,"Caixa Econômica Federal","Rio de Janeiro",13062520.9
"286",2019-01-19,"Caixa Econômica Federal","Rio de Janeiro",1004838.14
"287",2019-01-19,"Caixa Econômica Federal","Rio de Janeiro",2695400.64
"288",2019-01-15,"Banco do Brasil S/A","Rio de Janeiro",8835372.77
"289",2019-01-15,"Caixa Econômica Federal","Rio de Janeiro",7445083.35
"290",2019-01-15,"Banco Nacional de Desenvolvimento Econômico e Social","Rio de Janeiro",24288415.25
"291",2019-01-15,"Banco Nacional de Desenvolvimento Econômico e Social","Rio de Janeiro",3128645.88
"292",2019-01-15,"Banco Nacional de Desenvolvimento Econômico e Social","Rio de Janeiro",27034813.76
"293",2019-01-15,"Banco Nacional de Desenvolvimento Econômico e Social","Rio de Janeiro",4700691.26
"294",2018-12-20,"Banco do Brasil S/A","Minas Gerais",459301880.46
"295",2018-12-26,"Caixa Econômica Federal","Rio de Janeiro",13550119.19
"296",2018-12-19,"Caixa Econômica Federal","Rio de Janeiro",1007074.26
"297",2018-12-19,"Caixa Econômica Federal","Rio de Janeiro",2700321.93
"298",2018-12-12,"Caixa Econômica Federal","Natal",2177595.27
"299",2018-12-15,"BID","Rio de Janeiro",6998864.19
"300",2018-12-15,"BID","Rio de Janeiro",19658560.63
"301",2018-12-17,"Banco Nacional de Desenvolvimento Econômico e Social","Rio de Janeiro",4934191.92
"302",2018-12-17,"Banco Nacional de Desenvolvimento Econômico e Social","Rio de Janeiro",25746988.67
"303",2018-12-17,"Banco Nacional de Desenvolvimento Econômico e Social","Rio de Janeiro",3240242.77
"304",2018-12-17,"Banco Nacional de Desenvolvimento Econômico e Social","Rio de Janeiro",28813012.39
"305",2018-12-17,"Banco do Brasil S/A","Rio de Janeiro",9164684.79
"306",2018-12-17,"Caixa Econômica Federal","Rio de Janeiro",7521900.76
"307",2018-12-17,"Banco do Brasil S/A","Rio de Janeiro",427450020.45
"308",2018-11-16,"Banco do Brasil S/A","Roraima",3828243.09
"309",2018-12-05,"Corporacão Andina de Fomento","Rio de Janeiro",41448960.16
"310",2018-11-26,"Caixa Econômica Federal","Roraima",2863235.27
"311",2018-11-16,"Caixa Econômica Federal","Roraima",2791917.99
"312",2018-11-23,"Corporacão Andina de Fomento","Rio de Janeiro",25786780.44
"313",2018-11-12,"Caixa Econômica Federal","Natal",2184472.22
"314",2018-11-26,"Caixa Econômica Federal","Rio de Janeiro",13207739.32
"315",2018-11-15,"Banco Mundial","Rio de Janeiro",1994178.46
"316",2018-11-16,"Banco Nacional de Desenvolvimento Econômico e Social","Rio de Janeiro",26501687.43
"317",2018-11-15,"Banco Mundial","Rio de Janeiro",66867927.38
"318",2018-11-16,"Banco Nacional de Desenvolvimento Econômico e Social","Rio de Janeiro",3295828.85
"319",2018-11-16,"Banco Nacional de Desenvolvimento Econômico e Social","Rio de Janeiro",29752270.75
"320",2018-11-16,"Banco Nacional de Desenvolvimento Econômico e Social","Rio de Janeiro",5063814.25
"321",2018-11-15,"Banco Mundial","Rio de Janeiro",56349475.39
"322",2018-11-15,"Banco Mundial","Rio de Janeiro",1259375.61
"323",2018-11-15,"BID","Rio de Janeiro",2931204.22
"324",2018-11-16,"Caixa Econômica Federal","Rio de Janeiro",7589184.62
"325",2018-11-19,"Caixa Econômica Federal","Rio de Janeiro",2693288.17
"326",2018-11-19,"Caixa Econômica Federal","Rio de Janeiro",1004849.17
"327",2018-11-16,"Banco do Brasil S/A","Rio de Janeiro",9333903.2
"328",2018-11-07,"Banco do Brasil S/A","Rio de Janeiro",322438213.18
"329",2018-10-31,"Agência Francesa de Desevolvimento","Rio de Janeiro",67831033.71
"330",2018-10-25,"Caixa Econômica Federal","Roraima",2773351.63
"331",2018-10-15,"Banco do Brasil S/A","Roraima",3589662.33
"332",2018-10-15,"Caixa Econômica Federal","Roraima",2611009.8
"333",2018-10-12,"Caixa Econômica Federal","Natal",2188850.88
"334",2018-10-25,"Caixa Econômica Federal","Rio de Janeiro",13168642.66
"335",2018-10-15,"BID","Rio de Janeiro",3489648.11
"336",2018-10-15,"Banco Suiço de Investimento - Credit Suisse-Brasil","Rio de Janeiro",104268023.46
"337",2018-10-19,"Caixa Econômica Federal","Rio de Janeiro",2698198.88
"338",2018-10-15,"Banco Nacional de Desenvolvimento Econômico e Social","Rio de Janeiro",24845278.28
"339",2018-10-15,"Banco Mundial","Rio de Janeiro",4611221.04
"340",2018-10-19,"Caixa Econômica Federal","Rio de Janeiro",1007077.96
"341",2018-10-15,"Banco Nacional de Desenvolvimento Econômico e Social","Rio de Janeiro",3085538.32
"342",2018-10-15,"Banco Nacional de Desenvolvimento Econômico e Social","Rio de Janeiro",27629394.59
"343",2018-10-15,"Banco Nacional de Desenvolvimento Econômico e Social","Rio de Janeiro",4873659.68
"344",2018-10-15,"Banco Mundial","Rio de Janeiro",62570820.54
"345",2018-10-15,"Banco Mundial","Rio de Janeiro",9803004.02
"346",2018-10-15,"Banco Mundial","Rio de Janeiro",13522859.52
"347",2018-10-15,"Banco do Brasil S/A","Rio de Janeiro",8744093.93
"348",2018-10-12,"Caixa Econômica Federal","Rio de Janeiro",7520994.54
"349",2018-09-17,"Banco do Brasil S/A","Roraima",115094.26
"350",2018-09-17,"Banco do Brasil S/A","Roraima",3799656.93
"351",2018-09-25,"Caixa Econômica Federal","Roraima",2727356.3
"352",2018-09-15,"Caixa Econômica Federal","Roraima",2849979.02
"353",2018-09-20,"Japan International Cooperation Agency","Rio de Janeiro",43810.83
"354",2018-09-25,"Caixa Econômica Federal","Rio de Janeiro",12924089.79
"355",2018-09-20,"Japan International Cooperation Agency","Rio de Janeiro",31965370.47
"356",2018-09-17,"Banco Suiço de Investimento - Credit Suisse-Brasil","Rio de Janeiro",78708667.32
"357",2018-09-17,"Banco do Brasil S/A","Rio de Janeiro",9606967.46
"358",2018-09-19,"Caixa Econômica Federal","Rio de Janeiro",1007321.01
"359",2018-09-19,"Caixa Econômica Federal","Rio de Janeiro",2697793.66
"360",2018-09-17,"Banco Nacional de Desenvolvimento Econômico e Social","Rio de Janeiro",4999840.45
"361",2018-09-17,"Caixa Econômica Federal","Rio de Janeiro",7691926.17
"362",2018-09-17,"Banco Nacional de Desenvolvimento Econômico e Social","Rio de Janeiro",26112560.39
"363",2018-09-17,"Banco Nacional de Desenvolvimento Econômico e Social","Rio de Janeiro",3327241.51
"364",2018-09-17,"Banco Nacional de Desenvolvimento Econômico e Social","Rio de Janeiro",29492596.08
"365",2018-09-13,"Corporacão Andina de Fomento","Rio de Janeiro",24250368.47
"366",2018-09-13,"Corporacão Andina de Fomento","Rio de Janeiro",49468519.9
"367",2018-09-09,"BID","Rio de Janeiro",7015158.25
"368",2018-09-09,"BID","Rio de Janeiro",49150367.93
"369",2018-08-15,"Banco Mundial","Piauí",71465254.16
"370",2018-08-15,"Caixa Econômica Federal","Goiás",33593465.12
"371",2018-08-25,"Caixa Econômica Federal","Roraima",2929519.41
"372",2018-08-15,"Caixa Econômica Federal","Roraima",2714544.69
"373",2018-08-25,"Caixa Econômica Federal","Rio de Janeiro",13232875.83
"374",2018-08-15,"Banco Mundial","Rio de Janeiro",28780523.97
"375",2018-08-15,"Banco Mundial","Rio de Janeiro",3319180.4
"376",2018-08-20,"Caixa Econômica Federal","Rio de Janeiro",2706141.33
"377",2018-08-15,"Banco Mundial","Rio de Janeiro",27850268.86
"378",2018-08-20,"Caixa Econômica Federal","Rio de Janeiro",1007559.79
"379",2018-08-15,"Banco do Brasil S/A","Rio de Janeiro",9081100.98
"380",2018-08-15,"Caixa Econômica Federal","Rio de Janeiro",7654115.08
"381",2018-08-15,"Banco Nacional de Desenvolvimento Econômico e Social","Rio de Janeiro",24886892.49
"382",2018-08-15,"Banco Nacional de Desenvolvimento Econômico e Social","Rio de Janeiro",3190515.98
"383",2018-08-15,"Banco Nacional de Desenvolvimento Econômico e Social","Rio de Janeiro",27809832.3
"384",2018-08-15,"Banco Nacional de Desenvolvimento Econômico e Social","Rio de Janeiro",4837830.12
"385",2018-07-24,"Banco do Brasil S/A","Minas Gerais",135883514.13
"386",2018-07-25,"Caixa Econômica Federal","Roraima",2786949.07
"387",2018-07-28,"BID","Rio de Janeiro",21839399.18
"388",2018-07-25,"Caixa Econômica Federal","Rio de Janeiro",13261452.32
"389",2018-07-19,"Caixa Econômica Federal","Rio de Janeiro",1011770.43
"390",2018-07-19,"Caixa Econômica Federal","Rio de Janeiro",2716399.57
"391",2018-07-16,"Banco Nacional de Desenvolvimento Econômico e Social","Rio de Janeiro",29879864.15
"392",2018-07-16,"Banco Nacional de Desenvolvimento Econômico e Social","Rio de Janeiro",5165639.27
"393",2018-07-16,"Banco Nacional de Desenvolvimento Econômico e Social","Rio de Janeiro",26542420.61
"394",2018-07-16,"Banco Nacional de Desenvolvimento Econômico e Social","Rio de Janeiro",3233279.37
"395",2018-07-16,"Caixa Econômica Federal","Rio de Janeiro",7799997.44
"396",2018-07-05,"Banco do Brasil S/A","Piauí",55489418.99
"397",2018-07-16,"Banco do Brasil S/A","Rio de Janeiro",9256814.19
"398",2018-06-20,"Banco do Brasil S/A","Minas Gerais",417271219.34
"399",2018-06-15,"BID","Rio de Janeiro",6644972.56
"400",2018-06-15,"BID","Rio de Janeiro",18712746.44
"401",2018-06-15,"Caixa Econômica Federal","Roraima",2772594.21
"402",2018-06-25,"Caixa Econômica Federal","Roraima",2761277.72
"403",2018-06-25,"Caixa Econômica Federal","Rio de Janeiro",13166671.43
"404",2018-06-15,"Banco Nacional de Desenvolvimento Econômico e Social","Rio de Janeiro",5238810.98
"405",2018-06-15,"Banco Nacional de Desenvolvimento Econômico e Social","Rio de Janeiro",26887402.5
"406",2018-06-15,"Banco Nacional de Desenvolvimento Econômico e Social","Rio de Janeiro",3248465.07
"407",2018-06-15,"Banco Nacional de Desenvolvimento Econômico e Social","Rio de Janeiro",30245021.19
"408",2018-06-15,"Banco do Brasil S/A","Rio de Janeiro",394014224.41
"409",2018-06-19,"Caixa Econômica Federal","Rio de Janeiro",2714642.26
"410",2018-06-19,"Caixa Econômica Federal","Rio de Janeiro",1011505
"411",2018-06-15,"Banco do Brasil S/A","Rio de Janeiro",9353725.79
"412",2018-06-15,"Caixa Econômica Federal","Rio de Janeiro",7922722.72
"413",2018-06-05,"Corporacão Andina de Fomento","Rio de Janeiro",37686708.16
"414",2018-05-25,"Caixa Econômica Federal","Roraima",2720960.34
"415",2018-05-25,"Caixa Econômica Federal","Rio de Janeiro",13119066.39
"416",2018-05-15,"Banco Mundial","Rio de Janeiro",1776256.99
"417",2018-05-22,"Corporacão Andina de Fomento","Rio de Janeiro",23520585.46
"418",2018-05-21,"Caixa Econômica Federal","Rio de Janeiro",2716718.52
"419",2018-05-15,"Banco Nacional de Desenvolvimento Econômico e Social","Rio de Janeiro",25904160.64
"420",2018-05-15,"Banco Mundial","Rio de Janeiro",56627437.31
"421",2018-05-15,"Caixa Econômica Federal","Roraima",2680240.46
"422",2018-05-21,"Caixa Econômica Federal","Rio de Janeiro",1013226.8
"423",2018-05-15,"Banco Nacional de Desenvolvimento Econômico e Social","Rio de Janeiro",3137963.97
"424",2018-05-15,"Banco Nacional de Desenvolvimento Econômico e Social","Rio de Janeiro",29052871.42
"425",2018-05-15,"Banco Nacional de Desenvolvimento Econômico e Social","Rio de Janeiro",5124656.15
"426",2018-05-15,"BID","Rio de Janeiro",2625410.52
"427",2018-05-15,"Banco Mundial","Rio de Janeiro",46313650.81
"428",2018-05-15,"Banco Mundial","Rio de Janeiro",388495.32
"429",2018-05-15,"Banco do Brasil S/A","Rio de Janeiro",9096312.53
"430",2018-05-14,"Caixa Econômica Federal","Natal",2182738.7
"431",2018-05-15,"Caixa Econômica Federal","Rio de Janeiro",7892138.16
"432",2018-04-30,"Agência Francesa de Desevolvimento","Rio de Janeiro",66842995.22
"433",2018-05-07,"Banco do Brasil S/A","Rio de Janeiro",287230773.13
"434",2018-04-25,"Caixa Econômica Federal","Rio de Janeiro",13468427.04
"435",2018-04-25,"Caixa Econômica Federal","Roraima",2779154.87
"436",2018-04-19,"Caixa Econômica Federal","Rio de Janeiro",1015445.61
"437",2018-04-19,"Caixa Econômica Federal","Rio de Janeiro",2720005.4
"438",2018-04-16,"Banco Nacional de Desenvolvimento Econômico e Social","Rio de Janeiro",5236779.11
"439",2018-04-16,"Banco Nacional de Desenvolvimento Econômico e Social","Rio de Janeiro",26765984.51
"440",2018-04-16,"Caixa Econômica Federal","Roraima",2774513.44
"441",2018-04-16,"Banco Nacional de Desenvolvimento Econômico e Social","Rio de Janeiro",3269645.97
"442",2018-04-16,"Banco Nacional de Desenvolvimento Econômico e Social","Rio de Janeiro",30358799.81
"443",2018-04-15,"BID","Rio de Janeiro",3095036.11
"444",2018-04-16,"Caixa Econômica Federal","Rio de Janeiro",8113465.22
"445",2018-04-12,"Caixa Econômica Federal","Natal",2186355.37
"446",2018-04-15,"Banco Mundial","Rio de Janeiro",3540441.47
"447",2018-04-16,"Banco do Brasil S/A","Rio de Janeiro",9585595.2
"448",2018-04-15,"Banco Mundial","Rio de Janeiro",52009528.51
"449",2018-04-15,"Banco Mundial","Rio de Janeiro",9435457.36
"450",2018-04-15,"Banco Mundial","Rio de Janeiro",8292486.32
"451",2018-03-26,"Caixa Econômica Federal","Roraima",2710939.06
"452",2018-03-20,"Japan International Cooperation Agency","Rio de Janeiro",53729.03
"453",2018-03-26,"Caixa Econômica Federal","Rio de Janeiro",13204009.82
"454",2018-03-09,"BID","Rio de Janeiro",5683138.83
"455",2018-03-15,"Caixa Econômica Federal","Rio de Janeiro",8168883.76
"456",2018-03-19,"Caixa Econômica Federal","Rio de Janeiro",2714227.32
"457",2018-03-12,"Caixa Econômica Federal","Natal",2191044.27
"458",2018-03-15,"Banco Nacional de Desenvolvimento Econômico e Social","Rio de Janeiro",25217143.66
"459",2018-03-19,"Caixa Econômica Federal","Rio de Janeiro",1013671.17
"460",2018-03-15,"Banco Nacional de Desenvolvimento Econômico e Social","Rio de Janeiro",3087270.23
"461",2018-03-15,"Banco Nacional de Desenvolvimento Econômico e Social","Rio de Janeiro",28227799.93
"462",2018-03-15,"Banco Nacional de Desenvolvimento Econômico e Social","Rio de Janeiro",5038741.59
"463",2018-03-15,"Banco do Brasil S/A","Rio de Janeiro",9042276.53
"464",2018-03-20,"Japan International Cooperation Agency","Rio de Janeiro",28569532.75
"465",2018-03-09,"BID","Rio de Janeiro",40051586.92
"466",2018-03-13,"Corporacão Andina de Fomento","Rio de Janeiro",18723967.42
"467",2018-03-13,"Corporacão Andina de Fomento","Rio de Janeiro",37562235.19
"468",2018-02-15,"Banco Mundial","Rio de Janeiro",20140750.22
"469",2018-02-15,"Banco Mundial","Rio de Janeiro",661011.7
"470",2018-02-19,"Caixa Econômica Federal","Rio de Janeiro",2725372.6
"471",2018-02-25,"Caixa Econômica Federal","Rio de Janeiro",13285537.96
"472",2018-02-15,"Banco Nacional de Desenvolvimento Econômico e Social","Rio de Janeiro",26952836.98
"473",2018-02-15,"Banco Mundial","Rio de Janeiro",17417416.99
"474",2018-02-19,"Caixa Econômica Federal","Rio de Janeiro",1018215.58
"475",2018-02-15,"Banco Nacional de Desenvolvimento Econômico e Social","Rio de Janeiro",3239879.06
"476",2018-02-15,"Banco Nacional de Desenvolvimento Econômico e Social","Rio de Janeiro",30524165.27
"477",2018-02-15,"Banco Nacional de Desenvolvimento Econômico e Social","Rio de Janeiro",5326599.74
"478",2018-02-28,"Banco Mundial","Rio de Janeiro",6057166.49
"479",2018-02-15,"Caixa Econômica Federal","Rio de Janeiro",8322758.06
"480",2018-02-14,"Caixa Econômica Federal","Natal",2192501.67
"481",2018-02-15,"Banco do Brasil S/A","Rio de Janeiro",9588961.28
"482",2018-01-28,"BID","Rio de Janeiro",19629950.5
"483",2018-01-02,"Caixa Econômica Federal","Rio de Janeiro",60199758.45
"484",2018-01-25,"Caixa Econômica Federal","Rio de Janeiro",13406996.71
"485",2018-01-15,"Banco Nacional de Desenvolvimento Econômico e Social","Rio de Janeiro",5334139.25
"486",2018-01-19,"Caixa Econômica Federal","Rio de Janeiro",2720022.58
"487",2018-01-15,"Banco Nacional de Desenvolvimento Econômico e Social","Rio de Janeiro",26806890.41
"488",2018-01-19,"Caixa Econômica Federal","Rio de Janeiro",1016595.98
"489",2018-01-15,"Banco Nacional de Desenvolvimento Econômico e Social","Rio de Janeiro",3207241.97
"490",2018-01-15,"Banco Nacional de Desenvolvimento Econômico e Social","Rio de Janeiro",30515142.29
"491",2018-01-30,"Banco Mundial","Rio de Janeiro",946428.23
"492",2018-01-15,"Banco do Brasil S/A","Rio de Janeiro",9484483.75
"493",2018-01-15,"Caixa Econômica Federal","Rio de Janeiro",8200392.95
"494",2018-01-12,"Caixa Econômica Federal","Natal",2184670.16
"495",2018-01-15,"Caixa Econômica Federal","Roraima",2718309.84
"496",2017-12-27,"BID","Rio de Janeiro",2437726.4
"497",2017-12-15,"BID","Rio de Janeiro",5224184.31
"498",2017-12-15,"BID","Rio de Janeiro",14779774.96
"499",2017-12-25,"Caixa Econômica Federal","Rio de Janeiro",8277555.01
"500",2017-11-25,"Caixa Econômica Federal","Roraima",3006845.44
"501",2017-12-25,"Caixa Econômica Federal","Roraima",2697797.62
"502",2017-12-15,"Banco do Brasil S/A","Rio de Janeiro",9208114.58
"503",2017-12-15,"Caixa Econômica Federal","Rio de Janeiro",8165837.72
"504",2017-12-19,"Caixa Econômica Federal","Rio de Janeiro",2714316.34
"505",2017-12-12,"Caixa Econômica Federal","Natal",2177867.08
"506",2017-12-15,"Banco Nacional de Desenvolvimento Econômico e Social","Rio de Janeiro",25254418.23
"507",2017-12-15,"Caixa Econômica Federal","Roraima",2631233.11
"508",2017-12-19,"Caixa Econômica Federal","Rio de Janeiro",1015305.49
"509",2017-12-15,"Banco Nacional de Desenvolvimento Econômico e Social","Rio de Janeiro",3133853.4
"510",2017-12-15,"Banco Nacional de Desenvolvimento Econômico e Social","Rio de Janeiro",28436576.5
"511",2017-12-15,"Banco Nacional de Desenvolvimento Econômico e Social","Rio de Janeiro",5058526.15
"512",2017-12-15,"Banco do Brasil S/A","Rio de Janeiro",344949384.85
"513",2017-12-01,"Caixa Econômica Federal","Rio de Janeiro",60146962.45
"514",2017-12-05,"Corporacão Andina de Fomento","Rio de Janeiro",33411928.14
"515",2017-11-22,"Corporacão Andina de Fomento","Rio de Janeiro",20653107.68
"516",2017-11-01,"Caixa Econômica Federal","Rio de Janeiro",63536101.47
"517",2017-11-19,"Caixa Econômica Federal","Rio de Janeiro",1021515.49
"518",2017-11-19,"Caixa Econômica Federal","Rio de Janeiro",2708098
"519",2017-11-25,"Caixa Econômica Federal","Rio de Janeiro",8348496.42
"520",2017-11-12,"Caixa Econômica Federal","Natal",2191079.07
"521",2017-11-15,"Banco Mundial","Rio de Janeiro",1570972.52
"522",2017-11-16,"Banco Nacional de Desenvolvimento Econômico e Social","Rio de Janeiro",26976428.26
"523",2017-11-15,"Banco Mundial","Rio de Janeiro",48235886.33
"524",2017-11-16,"Caixa Econômica Federal","Roraima",2814010.11
"525",2017-11-16,"Banco Nacional de Desenvolvimento Econômico e Social","Rio de Janeiro",3233229.43
"526",2017-11-16,"Banco Nacional de Desenvolvimento Econômico e Social","Rio de Janeiro",30657768.52
"527",2017-11-16,"Banco Nacional de Desenvolvimento Econômico e Social","Rio de Janeiro",5378669.23
"528",2017-11-15,"Banco Mundial","Rio de Janeiro",36848729.21
"529",2017-11-15,"Banco Mundial","Rio de Janeiro",236883.8
"530",2017-11-15,"BID","Rio de Janeiro",2278243.26
"531",2017-11-16,"Caixa Econômica Federal","Rio de Janeiro",8444459.19
"532",2017-11-16,"Banco do Brasil S/A","Rio de Janeiro",9618916.31
"533",2017-10-31,"Agência Francesa de Desevolvimento","Rio de Janeiro",27552210.62
"534",2017-11-07,"Banco do Brasil S/A","Rio de Janeiro",129639550.04
"535",2017-10-15,"BID","Rio de Janeiro",2841540.63
"536",2017-10-25,"Caixa Econômica Federal","Roraima",2841093.54
"537",2017-10-15,"Banco Mundial","Rio de Janeiro",2849135.04
"538",2017-10-15,"Banco Mundial","Rio de Janeiro",48096007.38
"539",2017-10-15,"Banco Mundial","Rio de Janeiro",9014175.9
"540",2017-10-15,"Banco Mundial","Rio de Janeiro",7239278.39
"541",2017-10-12,"Caixa Econômica Federal","Natal",2193218.67
"542",2017-10-16,"Banco Nacional de Desenvolvimento Econômico e Social","Rio de Janeiro",5402858.4
"543",2017-10-17,"Banco Suiço de Investimento - Credit Suisse-Brasil","Rio de Janeiro",103847359.4
"544",2017-10-25,"Caixa Econômica Federal","Rio de Janeiro",8300625.56
"545",2017-10-16,"Banco Nacional de Desenvolvimento Econômico e Social","Rio de Janeiro",26962114.58
"546",2017-10-16,"Banco Nacional de Desenvolvimento Econômico e Social","Rio de Janeiro",3223679.68
"547",2017-10-16,"Banco Nacional de Desenvolvimento Econômico e Social","Rio de Janeiro",30739310.19
"548",2017-10-01,"Caixa Econômica Federal","Rio de Janeiro",61529062.61
"549",2017-10-15,"Caixa Econômica Federal","Roraima",2820689.09
"550",2017-09-19,"Caixa Econômica Federal","Rio de Janeiro",1019045.5
"551",2017-09-19,"Caixa Econômica Federal","Rio de Janeiro",2678798.45
"552",2017-10-16,"Banco do Brasil S/A","Rio de Janeiro",9627344.9
"553",2017-10-15,"Caixa Econômica Federal","Rio de Janeiro",8317674.26
"554",2017-09-25,"Caixa Econômica Federal","Rio de Janeiro",8374507.47
"555",2017-09-01,"Caixa Econômica Federal","Rio de Janeiro",61931962.95
"556",2017-09-20,"Japan International Cooperation Agency","Rio de Janeiro",43254.49
"557",2017-09-15,"Banco Nacional de Desenvolvimento Econômico e Social","Rio de Janeiro",5408968.91
"558",2017-09-25,"Caixa Econômica Federal","Roraima",2810632.45
"559",2017-09-19,"Caixa Econômica Federal","Rio de Janeiro",2617822.97
"560",2017-09-12,"Caixa Econômica Federal","Natal",2189626.48
"561",2017-09-15,"Banco Nacional de Desenvolvimento Econômico e Social","Rio de Janeiro",27019522.27
"562",2017-09-15,"Caixa Econômica Federal","Roraima",2823363.64
"563",2017-09-19,"Caixa Econômica Federal","Rio de Janeiro",925543.21
"564",2017-09-15,"Banco Nacional de Desenvolvimento Econômico e Social","Rio de Janeiro",3236695.33
"565",2017-09-15,"Banco Nacional de Desenvolvimento Econômico e Social","Rio de Janeiro",30722793.25
"566",2017-09-09,"BID","Rio de Janeiro",39110077.19
"567",2017-09-13,"Corporacão Andina de Fomento","Rio de Janeiro",36892928.3
"568",2017-09-20,"Japan International Cooperation Agency","Rio de Janeiro",26321430.58
"569",2017-09-13,"Corporacão Andina de Fomento","Rio de Janeiro",18394746.96
"570",2017-09-09,"BID","Rio de Janeiro",5559116.3
"571",2017-09-15,"Caixa Econômica Federal","Rio de Janeiro",8442054.22
"572",2017-09-15,"Banco Suiço de Investimento - Credit Suisse-Brasil","Rio de Janeiro",77976750.23
"573",2017-09-15,"Banco do Brasil S/A","Rio de Janeiro",9625100.56
"574",2017-08-15,"Banco Mundial","Rio de Janeiro",9319671.9
"575",2017-08-15,"Banco Mundial","Rio de Janeiro",450444.79
"576",2017-08-15,"Banco Mundial","Rio de Janeiro",15532786.5
"577",2017-08-01,"Caixa Econômica Federal","Rio de Janeiro",59249970.08
"578",2017-08-14,"Caixa Econômica Federal","Natal",2193466.89
"579",2017-08-25,"Caixa Econômica Federal","Roraima",2844270.01
"580",2017-08-25,"Caixa Econômica Federal","Rio de Janeiro",8193231.69
"581",2017-08-15,"Banco do Brasil S/A","Rio de Janeiro",9378703.82
"582",2017-08-15,"Caixa Econômica Federal","Rio de Janeiro",8549676.93
"583",2017-08-21,"Caixa Econômica Federal","Rio de Janeiro",2546208.44
"584",2017-08-15,"Banco Nacional de Desenvolvimento Econômico e Social","Rio de Janeiro",25993554.08
"585",2017-08-15,"Caixa Econômica Federal","Roraima",2726144.86
"586",2017-08-21,"Caixa Econômica Federal","Rio de Janeiro",842184.87
"587",2017-08-15,"Banco Nacional de Desenvolvimento Econômico e Social","Rio de Janeiro",3125076.74
"588",2017-08-15,"Banco Nacional de Desenvolvimento Econômico e Social","Rio de Janeiro",29420716.17
"589",2017-08-15,"Banco Nacional de Desenvolvimento Econômico e Social","Rio de Janeiro",5268803.45
"590",2017-07-28,"BID","Rio de Janeiro",19327458.3
"591",2017-07-25,"Caixa Econômica Federal","Rio de Janeiro",8366109.96
"592",2017-06-16,"Banco Nacional de Desenvolvimento Econômico e Social","Rio de Janeiro",5452389.95
"593",2017-07-25,"Caixa Econômica Federal","Roraima",2800849.28
"594",2017-06-16,"Banco Nacional de Desenvolvimento Econômico e Social","Rio de Janeiro",27010595.22
"595",2017-06-16,"Banco Nacional de Desenvolvimento Econômico e Social","Rio de Janeiro",3223817.74
"596",2017-06-16,"Banco Nacional de Desenvolvimento Econômico e Social","Rio de Janeiro",30859174.05
"597",2017-07-03,"Caixa Econômica Federal","Rio de Janeiro",62893137.93
"598",2017-07-19,"Caixa Econômica Federal","Rio de Janeiro",843882.35
"599",2017-07-19,"Caixa Econômica Federal","Rio de Janeiro",2550422.92
"600",2017-07-17,"Banco do Brasil S/A","Rio de Janeiro",9622913.49
"601",2017-07-17,"Caixa Econômica Federal","Rio de Janeiro",8433104.41
"602",2017-07-12,"Caixa Econômica Federal","Natal",2182025.26
"603",2017-07-17,"Caixa Econômica Federal","Roraima",2748528.38
"604",2017-06-15,"BID","Rio de Janeiro",4973446.95
"605",2017-06-15,"BID","Rio de Janeiro",14123738.73
"606",2017-06-01,"Caixa Econômica Federal","Rio de Janeiro",61917119.67
"607",2017-06-26,"Caixa Econômica Federal","Rio de Janeiro",8364477.43
"608",2017-06-12,"Caixa Econômica Federal","Natal",2194444.9
"609",2017-06-05,"Corporacão Andina de Fomento","Rio de Janeiro",33444042.74
"610",2017-06-26,"Caixa Econômica Federal","Roraima",2876086.84
"611",2017-06-16,"Banco Nacional de Desenvolvimento Econômico e Social","Rio de Janeiro",27519265.12
"612",2017-06-16,"Caixa Econômica Federal","Roraima",2888772.6
"613",2017-06-16,"Banco Nacional de Desenvolvimento Econômico e Social","Rio de Janeiro",3278643.71
"614",2017-06-16,"Banco Nacional de Desenvolvimento Econômico e Social","Rio de Janeiro",31490780.4
"615",2017-06-16,"Banco Nacional de Desenvolvimento Econômico e Social","Rio de Janeiro",5532936.65
"616",2017-06-16,"Banco do Brasil S/A","Rio de Janeiro",9842117.03
"617",2017-06-16,"Caixa Econômica Federal","Rio de Janeiro",8608516.44
"618",2017-06-19,"Caixa Econômica Federal","Rio de Janeiro",2542430.2
"619",2017-06-19,"Caixa Econômica Federal","Rio de Janeiro",841538.51
"620",2017-06-16,"Banco do Brasil S/A","Rio de Janeiro",350248616.44
"621",2017-05-15,"Banco Mundial","Rio de Janeiro",1571797.48
"622",2017-05-22,"Corporacão Andina de Fomento","Rio de Janeiro",20644749.33
"623",2017-05-17,"Banco Nacional de Desenvolvimento Econômico e Social","Rio de Janeiro",25522665.89
"624",2017-05-15,"Banco Mundial","Rio de Janeiro",47560714.72
"625",2017-05-15,"BID","Rio de Janeiro",2565418.71
"626",2017-05-15,"Banco Mundial","Rio de Janeiro",11172982.3
"627",2017-05-15,"Banco Mundial","Rio de Janeiro",162447.71
"628",2017-05-02,"Caixa Econômica Federal","Rio de Janeiro",62265295.05
"629",2017-05-17,"Banco Nacional de Desenvolvimento Econômico e Social","Rio de Janeiro",3053995.63
"630",2017-05-25,"Caixa Econômica Federal","Rio de Janeiro",8334811.61
"631",2017-05-25,"Caixa Econômica Federal","Roraima",2864662.67
"632",2017-05-12,"Caixa Econômica Federal","Natal",2195120.65
"633",2017-05-19,"Caixa Econômica Federal","Rio de Janeiro",844793.7
"634",2017-05-19,"Caixa Econômica Federal","Rio de Janeiro",2551357.86
"635",2017-05-15,"Caixa Econômica Federal","Roraima",2694436.41
"636",2017-05-17,"Banco Nacional de Desenvolvimento Econômico e Social","Rio de Janeiro",5246565.61
"637",2017-05-17,"Banco Nacional de Desenvolvimento Econômico e Social","Rio de Janeiro",28919960.79
"638",2017-05-15,"Banco do Brasil S/A","Rio de Janeiro",9286550.03
"639",2017-05-15,"Caixa Econômica Federal","Rio de Janeiro",8606629.77
"640",2017-04-30,"Agência Francesa de Desevolvimento","Rio de Janeiro",27214379.23
"641",2017-04-17,"Banco Nacional de Desenvolvimento Econômico e Social","Rio de Janeiro",3333428.88
"642",2017-05-08,"Banco do Brasil S/A","Rio de Janeiro",121335672.57
"643",2017-04-17,"Banco Nacional de Desenvolvimento Econômico e Social","Rio de Janeiro",28060475.69
"644",2017-04-03,"Caixa Econômica Federal","Rio de Janeiro",61700637.73
"645",2017-04-15,"BID","Rio de Janeiro",2711915
"646",2017-04-15,"Banco Mundial","Rio de Janeiro",2462490.13
"647",2017-04-17,"Banco Nacional de Desenvolvimento Econômico e Social","Rio de Janeiro",32310072.14
"648",2017-04-17,"Banco Nacional de Desenvolvimento Econômico e Social","Rio de Janeiro",5658666.41
"649",2017-04-15,"Banco Mundial","Rio de Janeiro",45048928.3
"650",2017-04-15,"Banco Mundial","Rio de Janeiro",8791639.22
"651",2017-04-15,"Banco Mundial","Rio de Janeiro",4766555.58
"652",2017-04-25,"Caixa Econômica Federal","Rio de Janeiro",8319971.22
"653",2017-03-20,"Japan International Cooperation Agency","Rio de Janeiro",162391.68
"654",2017-04-12,"Caixa Econômica Federal","Natal",2192565.3
"655",2017-04-15,"Banco do Brasil S/A","Rio de Janeiro",10136048.5
"656",2017-04-15,"Caixa Econômica Federal","Rio de Janeiro",8830875.09
"657",2017-04-19,"Caixa Econômica Federal","Rio de Janeiro",2546629.6
"658",2017-04-19,"Caixa Econômica Federal","Rio de Janeiro",843526.12
"659",2017-03-15,"Banco Nacional de Desenvolvimento Econômico e Social","Rio de Janeiro",3050892.87
"660",2017-03-20,"Japan International Cooperation Agency","Rio de Janeiro",27167125.85
"661",2017-03-15,"Banco Nacional de Desenvolvimento Econômico e Social","Rio de Janeiro",25487143.41
"662",2017-03-01,"Caixa Econômica Federal","Rio de Janeiro",62491017.93
"663",2017-03-13,"Corporacão Andina de Fomento","Rio de Janeiro",18218529.73
"664",2017-03-13,"Corporacão Andina de Fomento","Rio de Janeiro",38036922.88
"665",2017-03-25,"Caixa Econômica Federal","Rio de Janeiro",8312499.71
"666",2017-03-15,"Caixa Econômica Federal","Roraima",2707174.69
"667",2017-03-09,"BID","Rio de Janeiro",5464414.52
"668",2017-03-19,"Caixa Econômica Federal","Rio de Janeiro",2552348.61
"669",2017-03-19,"Caixa Econômica Federal","Rio de Janeiro",845717.4
"670",2017-03-09,"BID","Rio de Janeiro",39238959.26
"671",2017-03-12,"Caixa Econômica Federal","Natal",2194353.85
"672",2017-03-15,"Banco Nacional de Desenvolvimento Econômico e Social","Rio de Janeiro",5280548.76
"673",2017-03-15,"Banco Nacional de Desenvolvimento Econômico e Social","Rio de Janeiro",29015637.89
"674",2017-03-15,"Banco do Brasil S/A","Rio de Janeiro",9345672.53
"675",2017-03-15,"Caixa Econômica Federal","Rio de Janeiro",8678999.23
"676",2017-02-15,"Banco Nacional de Desenvolvimento Econômico e Social","Rio de Janeiro",3187474.75
"677",2017-02-01,"Caixa Econômica Federal","Rio de Janeiro",57126522.54
"678",2017-02-25,"Caixa Econômica Federal","Rio de Janeiro",8313320.21
"679",2017-02-15,"Banco Nacional de Desenvolvimento Econômico e Social","Rio de Janeiro",26627715.33
"680",2017-02-15,"Banco Mundial","Rio de Janeiro",8781987.29
"681",2017-02-15,"Banco Mundial","Rio de Janeiro",424456.92
"682",2017-02-15,"Banco Mundial","Rio de Janeiro",14636645.46
"683",2017-02-15,"Banco Nacional de Desenvolvimento Econômico e Social","Rio de Janeiro",30463088.01
"684",2017-02-15,"Banco Nacional de Desenvolvimento Econômico e Social","Rio de Janeiro",5468830.4
"685",2017-02-12,"Caixa Econômica Federal","Natal",2199780.45
"686",2017-02-19,"Caixa Econômica Federal","Rio de Janeiro",845391.73
"687",2017-02-19,"Caixa Econômica Federal","Rio de Janeiro",2550475.18
"688",2017-02-15,"Banco do Brasil S/A","Rio de Janeiro",9693413.36
"689",2017-02-15,"Caixa Econômica Federal","Rio de Janeiro",8824938.62
"690",2017-01-28,"BID","Rio de Janeiro",19400605.1
"691",2017-01-16,"Banco Nacional de Desenvolvimento Econômico e Social","Rio de Janeiro",4853248.42
"692",2017-01-01,"Caixa Econômica Federal","Rio de Janeiro",127255340.28
"693",2017-01-16,"Banco Nacional de Desenvolvimento Econômico e Social","Rio de Janeiro",46055634.73
"694",2017-01-16,"Banco Nacional de Desenvolvimento Econômico e Social","Rio de Janeiro",5638401.7
"695",2017-01-25,"Caixa Econômica Federal","Rio de Janeiro",8259647.64
"696",2017-01-16,"Banco Nacional de Desenvolvimento Econômico e Social","Rio de Janeiro",31806786.22
"697",2017-01-12,"Caixa Econômica Federal","Natal",2196332.99
"698",2017-01-19,"Caixa Econômica Federal","Rio de Janeiro",844794.74
"699",2017-01-19,"Caixa Econômica Federal","Rio de Janeiro",2547789.75
"700",2017-01-15,"Banco do Brasil S/A","Rio de Janeiro",10034387.05
"701",2017-01-15,"Caixa Econômica Federal","Rio de Janeiro",8972901.55
"702",2016-12-15,"BID","Rio de Janeiro",4483884.27
"703",2016-12-15,"BID","Rio de Janeiro",5442495.92
"704",2016-12-15,"Banco Nacional de Desenvolvimento Econômico e Social","Rio de Janeiro",5412154.09
"705",2016-12-25,"Caixa Econômica Federal","Rio de Janeiro",8214400.51
"706",2016-12-15,"Banco Nacional de Desenvolvimento Econômico e Social","Rio de Janeiro",29828651.04
"707",2016-12-12,"Caixa Econômica Federal","Natal",2194644.39
"708",2016-12-05,"Corporacão Andina de Fomento","Rio de Janeiro",32426059.72
"709",2016-12-19,"Caixa Econômica Federal","Rio de Janeiro",2542000.4
"710",2016-12-19,"Caixa Econômica Federal","Rio de Janeiro",843165.93
"711",2016-12-15,"Banco do Brasil S/A","Rio de Janeiro",9513263.89
"712",2016-12-15,"Caixa Econômica Federal","Rio de Janeiro",8827402.61
"713",2016-12-15,"Banco do Brasil S/A","Rio de Janeiro",160777260.35
"714",2016-12-08,"Corporacão Andina de Fomento","Rio de Janeiro",12398937.96
"715",2016-12-06,"Corporacão Andina de Fomento","Rio de Janeiro",186325672.12
"716",2016-11-22,"Corporacão Andina de Fomento","Rio de Janeiro",20652988.83
"717",2016-10-20,"Fundo Financeiro para Desenvolvimento da Bacia do Prata","Cachoeirinha",1446770.51
"718",2016-11-01,"Caixa Econômica Federal","Rio de Janeiro",126556279.01
"719",2016-11-12,"Caixa Econômica Federal","Natal",2198696.59
"720",2016-11-15,"Banco Mundial","Rio de Janeiro",1534481.06
"721",2016-11-25,"Caixa Econômica Federal","Rio de Janeiro",8209239.28
"722",2016-11-15,"Banco Mundial","Rio de Janeiro",45556962.88
"723",2016-11-15,"BID","Rio de Janeiro",765409.57
"724",2016-11-15,"Banco Mundial","Rio de Janeiro",9094500.36
"725",2016-11-15,"Banco Mundial","Rio de Janeiro",125520.65
"726",2016-11-16,"Banco Nacional de Desenvolvimento Econômico e Social","Rio de Janeiro",5487920.61
"727",2016-11-15,"Caixa Econômica Federal","Rio de Janeiro",8938952.54
"728",2016-11-19,"Caixa Econômica Federal","Rio de Janeiro",2540457.93
"729",2016-11-19,"Caixa Econômica Federal","Rio de Janeiro",842915.96
"730",2016-11-16,"Banco Nacional de Desenvolvimento Econômico e Social","Rio de Janeiro",61156392.98
"731",2016-11-16,"Banco do Brasil S/A","Rio de Janeiro",9830382.67
"732",2016-10-31,"Agência Francesa de Desevolvimento","Rio de Janeiro",28791937.48
"733",2016-11-07,"Banco do Brasil S/A","Rio de Janeiro",115098766.46
"734",2016-10-03,"Caixa Econômica Federal","Rio de Janeiro",98161644.7
"735",2016-10-17,"Banco Nacional de Desenvolvimento Econômico e Social","Rio de Janeiro",47270535.07
"736",2016-10-25,"Caixa Econômica Federal","Rio de Janeiro",8186125.77
"737",2016-10-15,"BID","Rio de Janeiro",2909703.6
"738",2016-10-15,"Banco Mundial","Rio de Janeiro",1989472.96
"739",2016-10-15,"Banco Mundial","Rio de Janeiro",46145386.3
"740",2016-10-15,"Banco Mundial","Rio de Janeiro",9744097.96
"741",2016-10-15,"Banco Mundial","Rio de Janeiro",3801641.14
"742",2016-10-15,"BID","Belford Roxo",1170272.43
"743",2016-10-17,"Banco Nacional de Desenvolvimento Econômico e Social","Rio de Janeiro",5665772.55
"744",2016-10-19,"Caixa Econômica Federal","Rio de Janeiro",2541090.99
"745",2016-10-12,"Caixa Econômica Federal","Natal",2188905.65
"746",2016-10-15,"Caixa Econômica Federal","Roraima",2927771.46
"747",2016-10-19,"Caixa Econômica Federal","Rio de Janeiro",843368.1
"748",2016-10-17,"Banco Nacional de Desenvolvimento Econômico e Social","Rio de Janeiro",4926896.75
"749",2016-10-17,"Banco do Brasil S/A","Rio de Janeiro",10126407.77
"750",2016-10-17,"Banco Suiço de Investimento - Credit Suisse-Brasil","Rio de Janeiro",104432869.06
"751",2016-10-15,"Caixa Econômica Federal","Rio de Janeiro",9080723.1
"752",2016-09-20,"Japan International Cooperation Agency","Rio de Janeiro",142956.4
"753",2016-09-20,"Japan International Cooperation Agency","Rio de Janeiro",30027871.1
"754",2016-09-25,"Caixa Econômica Federal","Roraima",3002202
"755",2016-09-25,"Caixa Econômica Federal","Rio de Janeiro",8190562.18
"756",2016-09-15,"Caixa Econômica Federal","Roraima",2879819.72
"757",2016-09-12,"Caixa Econômica Federal","Natal",2184012.12
"758",2016-09-12,"Bank of America","Mato Grosso",107134090.46
"759",2016-09-15,"Banco do Brasil S/A","Rio de Janeiro",10023830.04
"760",2016-09-15,"Caixa Econômica Federal","Rio de Janeiro",9067584.06
"761",2016-09-19,"Caixa Econômica Federal","Rio de Janeiro",2531570.85
"762",2016-09-19,"Caixa Econômica Federal","Rio de Janeiro",840493.27
"763",2016-09-15,"Banco Nacional de Desenvolvimento Econômico e Social","Rio de Janeiro",5591688.12
"764",2016-09-13,"Corporacão Andina de Fomento","Rio de Janeiro",19285596.56
"765",2016-09-13,"Corporacão Andina de Fomento","Rio de Janeiro",47547386.15
"766",2016-09-15,"Banco Suiço de Investimento - Credit Suisse-Brasil","Rio de Janeiro",78583970.29
"767",2016-09-09,"BID","Rio de Janeiro",5692752.67
"768",2016-09-09,"BID","Rio de Janeiro",41552366.03
"769",2016-08-15,"Caixa Econômica Federal","Roraima",2895556.06
"770",2016-08-01,"Caixa Econômica Federal","Rio de Janeiro",32203715.11
"771",2016-08-25,"Caixa Econômica Federal","Roraima",2955547.86
"772",2016-08-15,"Banco Mundial","Rio de Janeiro",7144137.02
"773",2016-08-15,"Banco Mundial","Rio de Janeiro",303890.11
"774",2016-08-25,"Caixa Econômica Federal","Rio de Janeiro",8167329.38
"775",2016-08-15,"Banco Mundial","Rio de Janeiro",11906894.99
"776",2016-06-10,"Fundo Financeiro para Desenvolvimento da Bacia do Prata","Chapecó",2266689.08
"777",2016-08-12,"Caixa Econômica Federal","Natal",2183696.05
"778",2016-08-15,"Banco Nacional de Desenvolvimento Econômico e Social","Rio de Janeiro",5613704.39
"779",2016-08-19,"Caixa Econômica Federal","Rio de Janeiro",2530247.24
"780",2016-08-19,"Caixa Econômica Federal","Rio de Janeiro",840336.8
"781",2016-08-15,"Banco Nacional de Desenvolvimento Econômico e Social","Rio de Janeiro",59668844.72
"782",2016-08-15,"Banco do Brasil S/A","Rio de Janeiro",9930240.35
"783",2016-08-15,"Caixa Econômica Federal","Rio de Janeiro",9090805.4
"784",2016-07-28,"BID","Rio de Janeiro",20704560.6
"785",2016-07-15,"Banco Nacional de Desenvolvimento Econômico e Social","Rio de Janeiro",4792155.29
"786",2016-07-25,"Caixa Econômica Federal","Roraima",9913945.42
"787",2016-07-12,"Caixa Econômica Federal","Natal",2170103.48
"788",2016-07-15,"Banco Nacional de Desenvolvimento Econômico e Social","Rio de Janeiro",45501377
"789",2016-07-15,"Caixa Econômica Federal","Roraima",2840250.09
"790",2016-07-15,"Banco Nacional de Desenvolvimento Econômico e Social","Rio de Janeiro",5554417.92
"791",2016-07-25,"Caixa Econômica Federal","Rio de Janeiro",8101541.31
"792",2016-07-19,"Caixa Econômica Federal","Rio de Janeiro",838011.99
"793",2016-07-19,"Caixa Econômica Federal","Rio de Janeiro",2522402.28
"794",2016-07-15,"Banco do Brasil S/A","Rio de Janeiro",9807292.93
"795",2016-07-15,"Caixa Econômica Federal","Rio de Janeiro",9064770.35
"796",2016-06-15,"BID","Rio de Janeiro",4923847.53
"797",2016-06-27,"Caixa Econômica Federal","Rio de Janeiro",8117691.5
"798",2016-06-15,"BID","Rio de Janeiro",6781447.46
"799",2016-06-15,"Banco Nacional de Desenvolvimento Econômico e Social","Rio de Janeiro",5570501.1
"800",2016-06-06,"Corporacão Andina de Fomento","Rio de Janeiro",3834.05
"801",2016-06-16,"Caixa Econômica Federal","Rio de Janeiro",9104372.19
"802",2016-06-20,"Caixa Econômica Federal","Rio de Janeiro",2518434.53
"803",2016-06-20,"Caixa Econômica Federal","Rio de Janeiro",836972.39
"804",2016-06-16,"Banco do Brasil S/A","Rio de Janeiro",162808801.16
"805",2016-06-15,"Banco do Brasil S/A","Rio de Janeiro",9873216
"806",2016-06-06,"Corporacão Andina de Fomento","Rio de Janeiro",31204986.61
"807",2016-05-23,"Corporacão Andina de Fomento","Rio de Janeiro",20760093.7
"808",2016-05-25,"Caixa Econômica Federal","Rio de Janeiro",8045643.88
"809",2016-05-15,"Banco Mundial","Rio de Janeiro",1370761.61
"810",2016-05-15,"Banco Mundial","Rio de Janeiro",9659006.04
"811",2016-05-15,"Banco Mundial","Rio de Janeiro",48791.31
"812",2016-05-15,"Banco Mundial","Rio de Janeiro",6558108.24
"813",2016-05-16,"BID","Rio de Janeiro",901948.02
"814",2016-05-15,"Banco Nacional de Desenvolvimento Econômico e Social","Rio de Janeiro",5652434.1
"815",2016-05-19,"Caixa Econômica Federal","Rio de Janeiro",2518470.73
"816",2016-05-19,"Caixa Econômica Federal","Rio de Janeiro",837261.47
"817",2016-05-15,"Banco Nacional de Desenvolvimento Econômico e Social","Rio de Janeiro",59429299.11
"818",2016-05-16,"Banco do Brasil S/A","Rio de Janeiro",9969305.78
"819",2016-05-16,"Caixa Econômica Federal","Rio de Janeiro",9195719.93
"820",2016-04-30,"Agência Francesa de Desevolvimento","Rio de Janeiro",30162688.1
"821",2016-05-09,"Banco do Brasil S/A","Rio de Janeiro",116947772.21
"822",2016-04-19,"Caixa Econômica Federal","Rio de Janeiro",814584
"823",2016-04-25,"Caixa Econômica Federal","Rio de Janeiro",7967046.55
"824",2016-04-19,"Caixa Econômica Federal","Rio de Janeiro",2517082.46
"825",2016-04-19,"Caixa Econômica Federal","Rio de Janeiro",826.42
